date,TSLA,QQQ
2010-06-29,23.94,43.4
2010-06-30,23.63,39.16
2010-07-01,21.9,42.58
2010-07-02,19.2,38.94
2010-07-06,15.98,42.6
2010-07-07,15.74,43.96
2010-07-08,17.46,44.18
2010-07-09,17.33,44.6
2010-07-12,17.0,44.75
2010-07-13,18.07,45.33
2010-07-14,19.71,45.55
2010-07-15,19.84,45.61
2010-07-16,20.68,44.35
2010-07-19,21.92,44.72
2010-07-20,20.22,45.25
2010-07-21,20.12,44.65
2010-07-22,21.0,45.77
2010-07-23,21.29,46.09
2010-07-26,20.91,46.435
2010-07-27,20.49,46.41
2010-07-28,20.69,46.05
2010-07-29,20.32,45.71
2010-07-30,19.87,45.83
2010-08-02,20.9199,46.68
2010-08-03,21.93,46.4899
2010-08-04,21.171,46.9399
2010-08-05,20.44,46.84
2010-08-06,19.59,46.76
2010-08-09,19.55,47.0799
2010-08-10,19.06,46.69
2010-08-11,17.86,45.4
2010-08-12,17.5,45.04
2010-08-13,18.29,44.725
2010-08-16,18.76,44.8
2010-08-17,19.12,45.3779
2010-08-18,18.77,45.53
2010-08-19,18.79,44.86
2010-08-20,19.04,44.92
2010-08-23,20.13,44.47
2010-08-24,19.18,40.02
2010-08-25,19.86,40.4
2010-08-26,19.66,43.54
2010-08-27,19.7,44.09
2010-08-30,19.85,43.61
2010-08-31,19.52,43.51
2010-09-01,20.49,44.75
2010-09-02,21.0,45.27
2010-09-03,21.04,46.01
2010-09-07,20.55,45.71
2010-09-08,20.858,46.25
2010-09-09,20.71,46.43
2010-09-10,20.18,46.58
2010-09-13,20.745,47.26
2010-09-14,21.11,47.45
2010-09-15,21.98,47.75
2010-09-16,20.96,47.94
2010-09-17,20.19,47.98
2010-09-20,21.06,48.82
2010-09-21,20.78,48.8
2010-09-22,19.85,48.67
2010-09-23,19.54,48.67
2010-09-24,20.1,49.65
2010-09-27,20.53,49.39
2010-09-28,21.4,49.39
2010-09-29,21.95,49.28
2010-09-30,20.43,49.06
2010-10-01,20.58,49.02
2010-10-04,20.99,48.49
2010-10-05,21.14,45.64
2010-10-06,20.46,45.24
2010-10-07,20.41,45.41
2010-10-08,20.4,45.72
2010-10-11,20.24,45.74
2010-10-12,20.24,50.12
2010-10-13,20.48,46.43
2010-10-14,20.75,46.33
2010-10-15,20.5,47.32
2010-10-18,20.23,47.14
2010-10-19,20.1,46.7
2010-10-20,20.6499,47.04
2010-10-21,20.76,51.2908
2010-10-22,20.72,51.64
2010-10-25,20.84,51.89
2010-10-26,21.3,52.0299
2010-10-27,21.01,52.19
2010-10-28,21.18,48.06
2010-10-29,21.84,47.95
2010-11-01,21.41,47.99
2010-11-02,21.25,48.5
2010-11-03,21.8,48.72
2010-11-04,24.9,49.32
2010-11-05,24.44,49.32
2010-11-08,24.98,49.38
2010-11-09,24.69,53.44
2010-11-10,29.32,49.37
2010-11-11,28.0,49.05
2010-11-12,29.76,48.25
2010-11-15,30.8,48.07
2010-11-16,29.6899,47.28
2010-11-17,29.44,47.42
2010-11-18,29.88,52.42
2010-11-19,30.98,48.22
2010-11-22,33.33,52.9001
2010-11-23,34.5999,47.85
2010-11-24,35.47,48.81
2010-11-26,35.38,48.49
2010-11-29,34.32,48.46
2010-11-30,35.21,47.87
2010-12-01,34.3,48.88
2010-12-02,32.25,53.74
2010-12-03,31.41,49.5
2010-12-06,30.3,53.855
2010-12-07,31.49,53.87
2010-12-08,32.42,54.1
2010-12-09,32.05,54.15
2010-12-10,31.5,54.51
2010-12-13,30.55,54.29
2010-12-14,28.53,54.39
2010-12-15,29.67,54.17
2010-12-16,30.8,54.57
2010-12-17,31.36,54.51
2010-12-20,31.65,54.56
2010-12-21,32.26,54.88
2010-12-22,32.6,54.882
2010-12-23,30.09,54.75
2010-12-27,25.55,54.75
2010-12-28,26.42,54.68
2010-12-29,27.73,54.78
2010-12-30,26.51,54.6499
2010-12-31,26.63,54.46
2011-01-03,26.61,55.3055
2011-01-04,26.66,55.26
2011-01-05,26.83,55.74
2011-01-06,27.88,55.91
2011-01-07,28.3009,55.87
2011-01-10,28.44,56.07
2011-01-11,26.94,56.16
2011-01-12,27.0,56.559
2011-01-13,26.18,56.6
2011-01-14,25.75,57.015
2011-01-18,25.64,57.16
2011-01-19,23.99,56.52
2011-01-20,22.58,56.11
2011-01-21,23.04,55.68
2011-01-24,24.48,56.45
2011-01-25,24.65,56.51
2011-01-26,24.75,56.8081
2011-01-27,24.9126,57.18
2011-01-28,24.01,55.73
2011-01-31,24.1,56.0
2011-02-01,23.88,57.04
2011-02-02,23.91,56.95
2011-02-03,23.63,57.03
2011-02-04,23.45,57.38
2011-02-07,23.09,57.65
2011-02-08,24.42,58.069
2011-02-09,23.21,57.94
2011-02-10,23.26,58.0203
2011-02-11,23.24,58.44
2011-02-14,23.06,58.58
2011-02-15,22.85,58.51
2011-02-16,24.71,58.89
2011-02-17,23.59,58.87
2011-02-18,23.17,58.76
2011-02-22,21.88,57.02
2011-02-23,21.83,56.57
2011-02-24,22.53,56.83
2011-02-25,23.61,57.64
2011-02-28,23.89,57.77
2011-03-01,23.94,56.86
2011-03-02,23.99,57.15
2011-03-03,24.36,58.27
2011-03-04,24.95,57.97
2011-03-07,24.94,57.1905
2011-03-08,24.65,57.42
2011-03-09,24.72,57.03
2011-03-10,24.0,56.14
2011-03-11,24.08,56.47
2011-03-14,23.2599,56.29
2011-03-15,22.95,55.51
2011-03-16,22.82,54.18
2011-03-17,22.8,54.65
2011-03-18,22.93,54.46
2011-03-21,22.73,55.49
2011-03-22,22.19,55.41
2011-03-23,22.22,55.71
2011-03-24,22.35,56.71
2011-03-25,22.76,56.83
2011-03-28,23.25,56.53
2011-03-29,23.92,57.05
2011-03-30,23.79,57.34
2011-03-31,27.69,57.42
2011-04-01,26.68,57.45
2011-04-04,25.83,57.28
2011-04-05,26.7,57.12
2011-04-06,26.47,57.23
2011-04-07,27.23,57.23
2011-04-08,26.49,56.95
2011-04-11,25.3,56.77
2011-04-12,24.64,56.39
2011-04-13,24.93,56.84
2011-04-14,25.15,56.745
2011-04-15,25.6099,56.63
2011-04-18,25.03,56.25
2011-04-19,25.16,56.6
2011-04-20,25.75,57.88
2011-04-21,26.72,58.33
2011-04-25,26.39,58.49
2011-04-26,26.9,58.82
2011-04-27,27.06,59.23
2011-04-28,27.66,59.12
2011-04-29,27.6,59.11
2011-05-02,27.45,58.9924
2011-05-03,26.84,58.69
2011-05-04,26.69,58.6
2011-05-05,26.43,58.28
2011-05-06,27.09,58.48
2011-05-09,27.91,58.68
2011-05-10,28.3,54.58
2011-05-11,27.05,58.76
2011-05-12,27.67,59.11
2011-05-13,27.548,53.86
2011-05-16,26.59,57.4
2011-05-17,25.96,53.07
2011-05-18,26.35,58.02
2011-05-19,28.2,58.21
2011-05-20,27.97,57.79
2011-05-23,26.78,56.93
2011-05-24,26.74,56.57
2011-05-25,28.95,56.79
2011-05-26,29.48,57.16
2011-05-27,29.55,52.95
2011-05-31,30.12,53.81
2011-06-01,28.49,52.64
2011-06-02,28.76,57.2
2011-06-03,30.12,56.358
2011-06-06,28.71,51.53
2011-06-07,28.38,55.77
2011-06-08,27.11,51.07
2011-06-09,27.61,51.17
2011-06-10,27.85,50.38
2011-06-13,28.43,50.38
2011-06-14,28.6,51.03
2011-06-15,27.32,50.06
2011-06-16,26.48,49.87
2011-06-17,26.48,49.71
2011-06-20,26.0299,54.07
2011-06-21,27.53,55.225
2011-06-22,27.22,54.835
2011-06-23,27.7,55.34
2011-06-24,27.43,54.38
2011-06-27,27.43,55.24
2011-06-28,28.11,56.07
2011-06-29,28.29,56.3
2011-06-30,29.13,57.03
2011-07-01,29.02,57.91
2011-07-05,29.13,58.19
2011-07-06,29.0,58.38
2011-07-07,29.7,54.7
2011-07-08,28.82,54.55
2011-07-11,28.32,57.97
2011-07-12,28.25,53.16
2011-07-13,28.6112,57.73
2011-07-14,27.6,57.07
2011-07-15,27.57,57.84
2011-07-18,27.24,57.53
2011-07-19,27.87,58.86
2011-07-20,28.67,58.6
2011-07-21,28.7,58.995
2011-07-22,29.28,59.61
2011-07-25,28.47,59.48
2011-07-26,28.0,55.11
2011-07-27,27.62,58.09
2011-07-28,28.2,53.78
2011-07-29,28.16,53.6
2011-08-01,28.76,57.76
2011-08-02,27.34,56.27
2011-08-03,27.19,56.8
2011-08-04,24.73,54.19
2011-08-05,24.23,53.84
2011-08-08,23.64,50.62
2011-08-09,25.04,53.06
2011-08-10,23.8,50.89
2011-08-11,25.3,53.1
2011-08-12,26.27,53.57
2011-08-15,26.23,54.3429
2011-08-16,26.06,53.88
2011-08-17,25.82,53.58
2011-08-18,24.26,50.97
2011-08-19,22.3,50.05
2011-08-22,21.95,50.2
2011-08-23,22.96,52.27
2011-08-24,23.85,52.68
2011-08-25,23.11,51.85
2011-08-26,23.7,53.091
2011-08-29,24.69,54.61
2011-08-30,24.56,54.95
2011-08-31,24.74,55.09
2011-09-01,23.98,54.54
2011-09-02,23.05,53.27
2011-09-06,22.9,53.28
2011-09-07,23.85,54.64
2011-09-08,23.6,54.41
2011-09-09,23.01,53.17
2011-09-12,22.9,53.88
2011-09-13,24.09,54.57
2011-09-14,24.35,55.35
2011-09-15,24.85,56.19
2011-09-16,25.71,56.57
2011-09-19,25.77,56.63
2011-09-20,25.96,56.33
2011-09-21,25.81,55.4
2011-09-22,25.7,53.57
2011-09-23,26.38,54.13
2011-09-26,25.5,54.78
2011-09-27,26.17,55.33
2011-09-28,24.61,54.48
2011-09-29,24.33,53.91
2011-09-30,24.38,52.49
2011-10-03,23.73,51.12
2011-10-04,23.7,52.22
2011-10-05,25.33,53.54
2011-10-06,26.9,54.41
2011-10-07,26.99,54.04
2011-10-10,27.86,55.89
2011-10-11,27.67,56.29
2011-10-12,27.8,56.61
2011-10-13,27.9,57.1
2011-10-14,28.09,58.17
2011-10-17,27.42,57.29
2011-10-18,28.33,57.98
2011-10-19,27.56,56.87
2011-10-20,27.29,56.6
2011-10-21,27.99,57.31
2011-10-24,28.56,58.49
2011-10-25,28.25,57.35
2011-10-26,27.97,57.3
2011-10-27,28.75,58.85
2011-10-28,29.85,58.91
2011-10-31,29.37,57.92
2011-11-01,28.92,56.43
2011-11-02,28.7699,56.9
2011-11-03,32.46,58.099
2011-11-04,32.35,57.82
2011-11-07,31.26,58.21
2011-11-08,31.84,58.89
2011-11-09,30.83,56.83
2011-11-10,31.36,56.75
2011-11-11,33.63,57.83
2011-11-14,33.25,57.49
2011-11-15,33.89,53.82
2011-11-16,34.92,57.15
2011-11-17,33.65,51.69
2011-11-18,32.6,55.4
2011-11-21,31.76,54.34
2011-11-22,32.07,54.51
2011-11-23,31.48,53.26
2011-11-25,31.66,52.89
2011-11-28,32.58,54.71
2011-11-29,31.76,54.36
2011-11-30,32.72,56.39
2011-12-01,32.6,52.57
2011-12-02,33.34,52.42
2011-12-05,34.38,53.0
2011-12-06,34.88,57.08
2011-12-07,34.21,52.85
2011-12-08,30.9,56.12
2011-12-09,31.04,52.79
2011-12-12,30.41,52.2
2011-12-13,29.44,51.63
2011-12-14,28.48,50.82
2011-12-15,28.63,50.68
2011-12-16,28.0,50.94
2011-12-19,27.75,50.44
2011-12-20,27.92,51.94
2011-12-21,27.57,55.14
2011-12-22,27.79,55.59
2011-12-23,27.87,56.07
2011-12-27,28.57,56.22
2011-12-28,28.52,55.6
2011-12-29,28.73,52.04
2011-12-30,28.54,51.89
2012-01-03,28.06,52.88
2012-01-04,27.71,53.11
2012-01-05,27.12,57.61
2012-01-06,26.94,57.79
2012-01-09,27.21,57.64
2012-01-10,27.62,58.03
2012-01-11,28.23,58.16
2012-01-12,28.25,54.27
2012-01-13,22.75,54.07
2012-01-17,26.55,54.56
2012-01-18,26.81,55.29
2012-01-19,26.75,55.63
2012-01-20,26.56,55.55
2012-01-23,26.78,55.57
2012-01-24,27.41,59.68
2012-01-25,27.97,60.43
2012-01-26,28.94,60.21
2012-01-27,29.33,60.37
2012-01-30,29.57,60.44
2012-01-31,29.07,60.51
2012-02-01,29.58,61.01
2012-02-02,30.25,61.21
2012-02-03,31.1008,62.04
2012-02-06,31.76,62.01
2012-02-07,31.6,62.12
2012-02-08,31.92,62.45
2012-02-09,32.68,62.91
2012-02-10,31.09,62.465
2012-02-13,31.49,63.03
2012-02-14,33.25,63.21
2012-02-15,33.54,62.75
2012-02-16,34.27,63.62
2012-02-17,34.97,63.43
2012-02-21,34.52,63.61
2012-02-22,34.21,63.34
2012-02-23,34.55,63.73
2012-02-24,33.75,63.95
2012-02-27,33.59,64.04
2012-02-28,33.79,64.67
2012-02-29,33.41,64.4
2012-03-01,34.38,64.92
2012-03-02,34.03,64.85
2012-03-05,33.77,59.67
2012-03-06,33.17,59.08
2012-03-07,33.02,59.54
2012-03-08,33.04,60.18
2012-03-09,34.75,65.01
2012-03-12,36.0,60.46
2012-03-13,36.01,61.58
2012-03-14,35.2407,61.8
2012-03-15,35.0,61.97
2012-03-16,35.32,61.93
2012-03-19,34.98,66.99
2012-03-20,34.96,62.48
2012-03-21,35.15,67.12
2012-03-22,34.36,66.97
2012-03-23,34.1,66.94
2012-03-26,37.43,68.108
2012-03-27,37.94,68.21
2012-03-28,37.78,67.93
2012-03-29,37.33,63.01
2012-03-30,37.23,62.89
2012-04-02,36.56,63.54
2012-04-03,37.9,63.52
2012-04-04,34.97,62.65
2012-04-05,34.47,63.05
2012-04-09,33.14,67.2
2012-04-10,32.41,66.12
2012-04-11,33.09,66.44
2012-04-12,33.44,67.2
2012-04-13,33.54,66.19
2012-04-16,32.23,65.48
2012-04-17,32.21,66.78
2012-04-18,32.65,66.61
2012-04-19,33.15,65.895
2012-04-20,33.16,65.65
2012-04-23,31.93,65.1
2012-04-24,31.81,64.73
2012-04-25,32.91,66.46
2012-04-26,33.49,66.83
2012-04-27,33.33,67.24
2012-04-30,33.13,66.78
2012-05-01,33.76,66.88
2012-05-02,33.92,67.06
2012-05-03,32.46,66.36
2012-05-04,31.83,64.71
2012-05-07,32.47,64.76
2012-05-08,30.19,64.52
2012-05-09,30.06,64.37
2012-05-10,32.99,64.18
2012-05-11,32.26,64.17
2012-05-14,30.05,63.56
2012-05-15,29.4,63.38
2012-05-16,29.18,62.92
2012-05-17,28.5899,61.61
2012-05-18,27.55,60.84
2012-05-21,28.76,62.49
2012-05-22,30.79,62.41
2012-05-23,31.02,62.56
2012-05-24,30.32,62.17
2012-05-25,29.86,62.05
2012-05-29,31.69,62.83
2012-05-30,30.34,58.03
2012-05-31,29.5,57.78
2012-06-01,28.18,56.24
2012-06-04,27.87,56.67
2012-06-05,27.91,56.9
2012-06-06,29.15,58.2
2012-06-07,28.9,57.97
2012-06-08,30.05,58.53
2012-06-11,29.2,61.87
2012-06-12,29.64,58.24
2012-06-13,29.78,57.84
2012-06-14,29.38,62.4
2012-06-15,29.89,63.02
2012-06-18,31.84,63.57
2012-06-19,32.06,64.24
2012-06-20,33.79,64.32
2012-06-21,32.16,62.69
2012-06-22,33.79,59.11
2012-06-25,33.12,57.97
2012-06-26,31.61,58.34
2012-06-27,31.99,58.69
2012-06-28,31.4201,58.04
2012-06-29,31.28,64.14
2012-07-02,30.41,60.05
2012-07-03,30.61,60.55
2012-07-05,31.217,60.59
2012-07-06,30.94,59.83
2012-07-09,31.5,59.72
2012-07-10,31.26,59.13
2012-07-11,31.505,58.8
2012-07-12,32.7,58.25
2012-07-13,34.33,63.37
2012-07-16,35.97,63.2
2012-07-17,33.37,63.54
2012-07-18,32.15,64.4
2012-07-19,32.22,65.1
2012-07-20,31.81,64.25
2012-07-23,30.67,63.48
2012-07-24,29.84,62.97
2012-07-25,28.94,62.53
2012-07-26,28.13,63.36
2012-07-27,29.5,60.53
2012-07-30,27.31,60.48
2012-07-31,27.41,60.47
2012-08-01,26.25,60.29
2012-08-02,26.1,60.07
2012-08-03,27.33,61.21
2012-08-06,28.31,61.68
2012-08-07,30.36,66.64
2012-08-08,29.09,62.16
2012-08-09,29.41,62.35
2012-08-10,29.93,62.39
2012-08-13,31.17,62.54
2012-08-14,29.43,62.57
2012-08-15,29.38,62.72
2012-08-16,30.25,68.01
2012-08-17,30.01,63.75
2012-08-20,29.51,68.41
2012-08-21,29.02,63.59
2012-08-22,29.95,63.85
2012-08-23,30.69,67.87
2012-08-24,29.47,63.72
2012-08-27,28.3,63.83
2012-08-28,28.69,63.83
2012-08-29,28.41,63.83
2012-08-30,28.41,63.18
2012-08-31,28.52,63.6
2012-09-04,28.16,63.54
2012-09-05,27.95,63.47
2012-09-06,28.53,64.88
2012-09-07,29.36,64.79
2012-09-10,27.32,63.96
2012-09-11,27.8,63.85
2012-09-12,28.24,64.04
2012-09-13,29.41,69.57
2012-09-14,30.39,70.18
2012-09-17,32.55,70.2
2012-09-18,31.34,70.26
2012-09-19,31.03,70.39
2012-09-20,30.88,70.34
2012-09-21,29.85,70.16
2012-09-24,30.67,69.7
2012-09-25,27.63,68.74
2012-09-26,27.53,68.21
2012-09-27,28.49,69.16
2012-09-28,29.27,68.58
2012-10-01,29.11,68.48
2012-10-02,29.85,68.66
2012-10-03,29.3,69.12
2012-10-04,29.4,69.36
2012-10-05,28.89,68.96
2012-10-08,29.24,68.36
2012-10-09,28.43,67.26
2012-10-10,28.45,66.92
2012-10-11,28.28,66.7099
2012-10-12,27.64,66.69
2012-10-15,27.32,67.17
2012-10-16,28.04,68.13
2012-10-17,28.8,68.09
2012-10-18,28.041,67.32
2012-10-19,27.74,65.68
2012-10-22,27.85,66.05
2012-10-23,28.39,65.37
2012-10-24,27.42,65.12
2012-10-25,27.49,65.16
2012-10-26,27.38,65.36
2012-10-31,28.13,64.93
2012-11-01,29.22,65.89
2012-11-02,28.91,65.13
2012-11-05,31.5,65.59
2012-11-06,31.17,65.75
2012-11-07,31.51,64.18
2012-11-08,31.33,63.2
2012-11-09,30.3,63.44
2012-11-12,31.09,63.42
2012-11-13,31.66,58.94
2012-11-14,31.37,62.23
2012-11-15,30.85,62.01
2012-11-16,31.86,62.28
2012-11-19,32.86,63.78
2012-11-20,33.01,63.8
2012-11-21,32.48,63.93
2012-11-23,32.13,64.9
2012-11-26,32.23,65.18
2012-11-27,32.15,64.96
2012-11-28,33.23,65.51
2012-11-29,33.74,65.91
2012-11-30,33.83,65.82
2012-12-03,34.63,65.705
2012-12-04,33.904,65.58
2012-12-05,33.74,64.9
2012-12-06,33.89,65.31
2012-12-07,34.2,64.93
2012-12-10,34.57,65.12
2012-12-11,35.35,65.98
2012-12-12,35.25,65.81
2012-12-13,33.56,65.32
2012-12-14,33.81,64.7
2012-12-17,34.4,65.55
2012-12-18,34.6,66.57
2012-12-19,34.64,66.23
2012-12-20,34.4,66.25
2012-12-21,34.0,65.19
2012-12-24,34.3,65.04
2012-12-26,33.59,64.52
2012-12-27,33.69,64.41
2012-12-28,33.27,63.78
2012-12-31,33.87,65.12
2013-01-02,35.36,67.21
2013-01-03,34.76,66.88
2013-01-04,34.38,66.64
2013-01-07,34.335,66.66
2013-01-08,33.7,66.54
2013-01-09,33.61,66.76
2013-01-10,33.53,67.15
2013-01-11,32.9,67.26
2013-01-14,33.26,66.95
2013-01-15,33.87,66.63
2013-01-16,34.11,66.9
2013-01-17,34.38,67.23
2013-01-18,34.53,67.1
2013-01-22,35.15,67.2
2013-01-23,36.03,67.59
2013-01-24,36.99,66.66
2013-01-25,37.0,66.991
2013-01-28,38.01,67.14
2013-01-29,37.97,67.16
2013-01-30,37.51,67.04
2013-01-31,37.53,66.884
2013-02-01,38.3,67.64
2013-02-04,37.73,66.47
2013-02-05,38.13,67.46
2013-02-06,39.2,67.24
2013-02-07,39.48,67.29
2013-02-08,39.25,67.99
2013-02-11,38.4,67.99
2013-02-12,37.82,67.71
2013-02-13,38.51,67.98
2013-02-14,38.27,67.94
2013-02-15,37.03,67.76
2013-02-19,39.29,68.24
2013-02-20,38.9,67.19
2013-02-21,35.1583,66.48
2013-02-22,36.11,67.13
2013-02-25,34.3942,66.27
2013-02-26,34.425,66.56
2013-02-27,35.1,67.24
2013-02-28,34.83,67.15
2013-03-01,34.64,67.39
2013-03-04,35.56,67.66
2013-03-05,36.65,68.68
2013-03-06,37.68,68.51
2013-03-07,38.24,68.7
2013-03-08,38.43,68.76
2013-03-11,39.1,68.97
2013-03-12,39.21,68.72
2013-03-13,38.98,68.63
2013-03-14,36.78,68.87
2013-03-15,35.26,68.51
2013-03-18,35.11,68.35
2013-03-19,35.08,68.24
2013-03-20,35.99,68.68
2013-03-21,36.01,67.92
2013-03-22,36.64,68.57
2013-03-25,37.57,68.3
2013-03-26,37.84,68.71
2013-03-27,38.14,68.82
2013-03-28,37.88,68.98
2013-04-01,43.9,68.5
2013-04-02,44.34,69.03
2013-04-03,41.1,68.43
2013-04-04,41.98,68.43
2013-04-05,41.32,67.87
2013-04-08,41.7701,68.23
2013-04-09,40.4599,68.675
2013-04-10,41.87,70.02
2013-04-11,43.58,69.99
2013-04-12,43.74,69.95
2013-04-15,43.3,68.54
2013-04-16,45.54,69.49
2013-04-17,45.42,68.12
2013-04-18,47.0,67.16
2013-04-19,47.744,68.08
2013-04-22,50.19,68.8
2013-04-23,50.92,69.43
2013-04-24,50.47,69.43
2013-04-25,52.0,69.78
2013-04-26,51.17,69.56
2013-04-29,54.9399,70.2
2013-04-30,53.9701,70.72
2013-05-01,53.25,70.41
2013-05-02,54.1,71.27
2013-05-03,54.5325,72.13
2013-05-06,59.66,72.4
2013-05-07,55.4801,72.34
2013-05-08,55.71,72.7
2013-05-09,69.4,72.62
2013-05-10,76.76,73.06
2013-05-13,87.79,73.14
2013-05-14,83.21,73.51
2013-05-15,84.84,73.66
2013-05-16,92.2001,73.59
2013-05-17,91.49,74.3
2013-05-20,89.94,74.16
2013-05-21,87.57,74.27
2013-05-22,87.16,73.64
2013-05-23,92.85,73.42
2013-05-24,97.14,73.43
2013-05-28,110.23,73.9
2013-05-29,104.64,73.53
2013-05-30,104.949,73.93
2013-05-31,97.78,69.09
2013-06-03,92.5899,69.21
2013-06-04,94.84,72.99
2013-06-05,95.45,67.96
2013-06-06,97.34,68.29
2013-06-07,102.03,69.22
2013-06-10,100.02,69.25
2013-06-11,94.47,68.56
2013-06-12,97.7,67.77
2013-06-13,98.18,72.75
2013-06-14,100.26,68.17
2013-06-17,102.13,68.83
2013-06-18,103.34,69.4
2013-06-19,104.69,68.62
2013-06-20,100.61,66.99
2013-06-21,98.86,66.64
2013-06-24,101.53,69.73
2013-06-25,102.3901,70.2
2013-06-26,105.73,70.855
2013-06-27,109.28,71.18
2013-06-28,107.44,71.22
2013-07-01,117.18,71.72
2013-07-02,117.78,71.73
2013-07-03,115.1101,72.03
2013-07-05,120.041,72.565
2013-07-08,121.57,72.64
2013-07-09,123.44,73.08
2013-07-10,122.27,73.51
2013-07-11,125.61,74.99
2013-07-12,129.92,75.34
2013-07-15,127.23,75.47
2013-07-16,109.05,75.385
2013-07-17,120.3,75.55
2013-07-18,119.02,75.39
2013-07-19,119.72,74.6
2013-07-22,122.281,74.81
2013-07-23,122.75,74.27
2013-07-24,121.67,74.49
2013-07-25,124.04,74.98
2013-07-26,129.39,75.38
2013-07-29,134.6,75.21
2013-07-30,131.71,75.6
2013-07-31,134.17,75.75
2013-08-01,135.4586,76.54
2013-08-02,137.95,76.98
2013-08-05,144.67,77.01
2013-08-06,142.17,76.54
2013-08-07,134.23,72.3
2013-08-08,153.49,76.79
2013-08-09,153.0,76.49
2013-08-12,147.5,72.54
2013-08-13,145.44,77.08
2013-08-14,139.31,72.67
2013-08-15,139.69,71.44
2013-08-16,141.985,75.45
2013-08-19,144.9,75.35
2013-08-20,149.61,75.68
2013-08-21,147.77,75.42
2013-08-22,157.05,76.15
2013-08-23,161.87,76.67
2013-08-26,164.17,76.66
2013-08-27,167.0,75.1
2013-08-28,166.51,75.43
2013-08-29,166.0598,75.94
2013-08-30,169.15,75.47
2013-09-03,168.9399,75.9
2013-09-04,170.615,76.72
2013-09-05,169.939,76.85
2013-09-06,166.95,76.92
2013-09-09,160.66,77.83
2013-09-10,166.29,78.209
2013-09-11,163.51,78.07
2013-09-12,164.894,78.01
2013-09-13,165.5,78.05
2013-09-16,166.569,77.84
2013-09-17,166.22,78.37
2013-09-18,166.26,79.3199
2013-09-19,177.8701,79.5
2013-09-20,183.4,78.99
2013-09-23,181.039,78.84
2013-09-24,182.43,78.83
2013-09-25,185.3,74.55
2013-09-26,188.61,75.13
2013-09-27,190.86,75.04
2013-09-30,193.39,74.86
2013-10-01,192.99,75.62
2013-10-02,180.9399,75.59
2013-10-03,173.23,74.7
2013-10-04,180.95,75.35
2013-10-07,183.027,74.72
2013-10-08,174.6994,73.28
2013-10-09,168.81,73.05
2013-10-10,172.88,74.6
2013-10-11,178.72,75.19
2013-10-14,179.71,75.72
2013-10-15,183.97,75.43
2013-10-16,183.51,76.28
2013-10-17,183.0,76.72
2013-10-18,183.39,77.96
2013-10-21,172.53,78.13
2013-10-22,171.46,78.24
2013-10-23,164.49,77.77
2013-10-24,173.051,78.11
2013-10-25,169.66,78.67
2013-10-28,162.87,78.69
2013-10-29,164.47,78.82
2013-10-30,159.3,78.75
2013-10-31,159.92,78.57
2013-11-01,162.25,78.59
2013-11-04,175.19,78.7
2013-11-05,176.7999,78.79
2013-11-06,151.16,78.77
2013-11-07,139.87,77.29
2013-11-08,137.87,78.33
2013-11-11,144.62,78.21
2013-11-12,137.85,78.33
2013-11-13,138.75,79.28
2013-11-14,137.54,79.53
2013-11-15,135.38,79.68
2013-11-18,121.55,78.9
2013-11-19,126.09,78.67
2013-11-20,121.11,78.48
2013-11-21,122.05,79.28
2013-11-22,121.293,79.71
2013-11-25,120.781,79.9
2013-11-26,120.46,80.31
2013-11-27,126.95,80.87
2013-11-29,127.32,81.36
2013-12-02,124.2,81.12
2013-12-03,144.679,81.05
2013-12-04,138.93,81.13
2013-12-05,140.44,81.02
2013-12-06,137.35,81.61
2013-12-09,141.48,81.95
2013-12-10,142.16,81.89
2013-12-11,139.615,80.83
2013-12-12,147.42,80.63
2013-12-13,147.65,80.52
2013-12-16,147.87,80.97
2013-12-17,152.46,80.81
2013-12-18,147.96,81.75
2013-12-19,140.69,81.52
2013-12-20,143.21,82.35
2013-12-23,143.51,83.21
2013-12-24,151.25,83.25
2013-12-26,155.49,83.53
2013-12-27,151.03,83.32
2013-12-30,152.37,83.2
2013-12-31,150.3,83.74
2014-01-02,150.11,83.08
2014-01-03,149.5,82.48
2014-01-06,147.0,82.18
2014-01-07,149.2601,82.94
2014-01-08,151.29,83.12
2014-01-09,147.54,82.84
2014-01-10,145.72,83.11
2014-01-13,139.34,81.88
2014-01-14,161.18,83.44
2014-01-15,164.08,84.13
2014-01-16,170.91,84.14
2014-01-17,170.08,83.66
2014-01-21,176.5944,84.3
2014-01-22,178.45,84.52
2014-01-23,181.55,84.23
2014-01-24,174.6,82.58
2014-01-27,169.53,81.78
2014-01-28,178.38,81.73
2014-01-29,175.146,80.85
2014-01-30,182.84,82.35
2014-01-31,181.41,82.13
2014-02-03,177.14,80.24
2014-02-04,178.7,80.83
2014-02-05,174.43,80.63
2014-02-06,178.38,81.65
2014-02-07,186.5,83.11
2014-02-10,196.49,83.59
2014-02-11,196.66,84.54
2014-02-12,195.32,84.7
2014-02-13,199.62,85.33
2014-02-14,198.2,85.5
2014-02-18,203.714,85.92
2014-02-19,193.5,85.33
2014-02-20,209.9,85.73
2014-02-21,209.64,85.61
2014-02-24,217.73,86.07
2014-02-25,248.0,85.98
2014-02-26,253.02,85.9
2014-02-27,252.53,86.46
2014-02-28,244.79,86.36
2014-03-03,250.63,85.72
2014-03-04,254.84,86.81
2014-03-05,252.56,87.05
2014-03-06,252.7701,86.97
2014-03-07,246.23,86.54
2014-03-10,238.63,86.62
2014-03-11,234.45,86.25
2014-03-12,241.48,86.57
2014-03-13,237.77,85.35
2014-03-14,230.93,84.76
2014-03-17,233.9,85.51
2014-03-18,239.98,86.54
2014-03-19,235.84,86.07
2014-03-20,234.8,86.31
2014-03-21,229.11,85.27
2014-03-24,220.08,84.53
2014-03-25,220.37,84.81
2014-03-26,212.901,83.71
2014-03-27,207.26,83.24
2014-03-28,212.28,83.41
2014-03-31,208.4701,84.0
2014-04-01,216.97,85.48
2014-04-02,230.31,85.7
2014-04-03,225.39,85.02
2014-04-04,212.15,82.75
2014-04-07,207.59,81.97
2014-04-08,215.5,82.73
2014-04-09,216.92,84.14
2014-04-10,204.19,81.54
2014-04-11,203.831,80.59
2014-04-14,198.09,81.22
2014-04-15,193.92,81.49
2014-04-16,199.1,82.57
2014-04-17,198.03,82.59
2014-04-21,204.45,83.21
2014-04-22,218.5801,83.87
2014-04-23,207.95,83.13
2014-04-24,207.79,83.92
2014-04-25,199.91,82.58
2014-04-28,198.37,82.85
2014-04-29,206.84,83.51
2014-04-30,207.8101,83.73
2014-05-01,207.93,83.98
2014-05-02,210.9,83.83
2014-05-05,216.6101,84.27
2014-05-06,207.1,83.18
2014-05-07,201.28,82.94
2014-05-08,178.59,82.86
2014-05-09,182.26,83.17
2014-05-12,184.65,84.54
2014-05-13,190.1005,84.59
2014-05-14,190.62,84.15
2014-05-15,188.54,83.49
2014-05-16,191.6,84.04
2014-05-19,196.1,84.62
2014-05-20,195.3,84.32
2014-05-21,199.47,85.12
2014-05-22,204.88,85.5
2014-05-23,207.22,86.12
2014-05-27,211.51,87.19
2014-05-28,210.24,86.92
2014-05-29,210.2399,87.48
2014-05-30,207.77,87.49
2014-06-02,204.69,87.4
2014-06-03,204.92,87.36
2014-06-04,203.91,87.69
2014-06-05,206.89,88.43
2014-06-06,208.16,88.93
2014-06-09,205.31,88.87
2014-06-10,202.3,89.02
2014-06-11,204.47,89.0
2014-06-12,203.61,88.2
2014-06-13,206.41,88.46
2014-06-16,224.6101,88.53
2014-06-17,231.67,88.58
2014-06-18,227.11,89.08
2014-06-19,227.68,89.02
2014-06-20,229.68,89.13
2014-06-23,237.25,89.14
2014-06-24,232.41,89.06
2014-06-25,236.89,89.63
2014-06-26,235.6,89.67
2014-06-27,239.07,90.07
2014-06-30,240.06,90.22
2014-07-01,239.7,91.21
2014-07-02,229.42,91.36
2014-07-03,229.3175,91.94
2014-07-07,222.66,91.66
2014-07-08,219.07,90.56
2014-07-09,223.07,91.23
2014-07-10,219.39,90.94
2014-07-11,218.083,91.53
2014-07-14,226.69,92.08
2014-07-15,219.58,91.76
2014-07-16,217.22,92.12
2014-07-17,215.4,90.9
2014-07-18,220.02,92.34
2014-07-21,220.39,92.23
2014-07-22,219.61,92.81
2014-07-23,222.42,93.41
2014-07-24,223.53,93.3
2014-07-25,223.5899,92.94
2014-07-28,224.99,92.97
2014-07-29,225.0,92.81
2014-07-30,228.86,93.17
2014-07-31,223.495,91.29
2014-08-01,233.34,90.95
2014-08-04,238.46,91.58
2014-08-05,238.53,90.87
2014-08-06,248.93,90.81
2014-08-07,252.4,90.52
2014-08-08,248.14,91.17
2014-08-11,259.25,91.71
2014-08-12,260.03,91.67
2014-08-13,260.3,92.64
2014-08-14,261.34,93.12
2014-08-15,262.0,93.57
2014-08-18,259.91,94.29
2014-08-19,256.86,94.82
2014-08-20,255.7,94.82
2014-08-21,254.31,95.01
2014-08-22,256.75,95.16
2014-08-25,262.6448,95.5
2014-08-26,261.69,95.59
2014-08-27,263.25,95.61
2014-08-28,263.84,95.5
2014-08-29,269.69,95.86
2014-09-02,284.09,96.14
2014-09-03,281.19,95.57
2014-09-04,286.04,95.49
2014-09-05,277.34,95.97
2014-09-08,282.11,96.15
2014-09-09,278.48,95.35
2014-09-10,281.1,96.14
2014-09-11,280.23,96.06
2014-09-12,279.2,95.57
2014-09-15,253.8501,94.65
2014-09-16,260.7,95.48
2014-09-17,261.38,95.62
2014-09-18,263.82,96.34
2014-09-19,259.29,96.28
2014-09-22,250.02,95.39
2014-09-23,250.52,95.13
2014-09-24,252.11,96.15
2014-09-25,246.97,94.12
2014-09-26,246.6095,95.13
2014-09-29,245.21,95.0
2014-09-30,242.68,95.14
2014-10-01,240.2799,93.61
2014-10-02,251.47,93.61
2014-10-03,255.07,94.54
2014-10-06,260.68,94.34
2014-10-07,259.54,93.0
2014-10-08,259.19,94.81
2014-10-09,257.1,93.28
2014-10-10,237.03,90.95
2014-10-13,224.57,89.52
2014-10-14,227.05,89.53
2014-10-15,229.71,88.95
2014-10-16,226.35,88.39
2014-10-17,227.4,89.56
2014-10-20,230.45,90.9
2014-10-21,235.34,93.29
2014-10-22,231.16,92.8
2014-10-23,235.35,94.2
2014-10-24,235.23,94.97
2014-10-27,221.61,95.04
2014-10-28,242.77,96.47
2014-10-29,238.1,96.12
2014-10-30,238.66,96.32
2014-10-31,241.7,97.65
2014-11-03,242.59,97.94
2014-11-04,238.92,97.61
2014-11-05,230.67,97.62
2014-11-06,241.2,97.93
2014-11-07,240.17,97.84
2014-11-10,241.92,98.19
2014-11-11,250.95,98.5
2014-11-12,249.05,98.67
2014-11-13,251.7,99.09
2014-11-14,258.68,99.4
2014-11-17,253.89,99.1
2014-11-18,257.72,99.84
2014-11-19,247.75,99.39
2014-11-20,248.7,99.83
2014-11-21,242.75,100.03
2014-11-24,246.71,100.81
2014-11-25,247.99,100.96
2014-11-26,248.44,101.62
2014-11-28,244.5,102.09
2014-12-01,231.57,100.93
2014-12-02,231.43,101.34
2014-12-03,229.32,101.52
2014-12-04,228.28,101.47
2014-12-05,223.695,101.48
2014-12-08,214.37,100.76
2014-12-09,216.89,101.08
2014-12-10,209.848,99.49
2014-12-11,208.91,99.96
2014-12-12,207.078,98.87
2014-12-15,204.05,97.85
2014-12-16,197.89,96.28
2014-12-17,205.97,98.03
2014-12-18,218.27,100.39
2014-12-19,219.28,100.83
2014-12-22,222.6,101.09
2014-12-23,220.94,100.73
2014-12-24,222.25,100.82
2014-12-26,227.83,101.53
2014-12-29,225.63,101.51
2014-12-30,222.02,100.83
2014-12-31,222.342,99.8
2015-01-02,219.19,99.5
2015-01-05,210.01,98.04
2015-01-06,211.19,96.73
2015-01-07,210.81,97.97
2015-01-08,210.55,99.85
2015-01-09,206.6,99.19
2015-01-12,202.21,98.16
2015-01-13,204.3,98.13
2015-01-14,192.59,97.59
2015-01-15,191.74,96.32
2015-01-16,193.02,97.45
2015-01-20,191.89,98.22
2015-01-21,196.56,98.73
2015-01-22,201.62,100.55
2015-01-23,201.29,100.78
2015-01-26,206.55,100.66
2015-01-27,206.03,98.05
2015-01-28,199.225,97.55
2015-01-29,205.158,98.49
2015-01-30,203.6,97.72
2015-02-02,211.01,98.57
2015-02-03,218.36,99.52
2015-02-04,218.54,99.43
2015-02-05,220.96,100.29
2015-02-06,217.46,99.68
2015-02-09,217.47,99.37
2015-02-10,216.28,100.91
2015-02-11,212.72,101.28
2015-02-12,202.851,102.46
2015-02-13,203.77,103.34
2015-02-17,204.41,103.43
2015-02-18,204.37,103.58
2015-02-19,211.71,104.09
2015-02-20,217.14,104.79
2015-02-23,207.34,104.89
2015-02-24,204.1,104.97
2015-02-25,203.77,104.71
2015-02-26,207.27,105.24
2015-02-27,203.3,104.78
2015-03-02,197.27,105.73
2015-03-03,199.55,105.23
2015-03-04,202.5,104.83
2015-03-05,200.64,105.01
2015-03-06,193.87,103.82
2015-03-09,190.8,104.12
2015-03-10,190.36,102.19
2015-03-11,193.7401,101.6
2015-03-12,191.1497,102.27
2015-03-13,188.61,101.82
2015-03-16,195.71,103.14
2015-03-17,194.72,103.3
2015-03-18,200.722,104.31
2015-03-19,195.51,104.47
2015-03-20,198.04,105.15
2015-03-23,199.64,104.94
2015-03-24,201.72,104.56
2015-03-25,194.31,102.17
2015-03-26,190.4,101.82
2015-03-27,185.0,102.23
2015-03-30,190.56,103.4
2015-03-31,188.82,102.31
2015-04-01,187.51,101.77
2015-04-02,191.07,101.84
2015-04-06,203.0962,102.67
2015-04-07,203.28,102.5
2015-04-08,207.68,103.31
2015-04-09,210.1065,103.96
2015-04-10,210.88,104.39
2015-04-13,209.83,104.13
2015-04-14,207.46,103.83
2015-04-15,207.82,104.48
2015-04-16,206.675,104.33
2015-04-17,206.79,102.7
2015-04-20,205.2717,104.24
2015-04-21,209.41,104.69
2015-04-22,219.44,105.26
2015-04-23,218.6,105.66
2015-04-24,218.36,107.09
2015-04-27,231.54,106.82
2015-04-28,230.48,106.61
2015-04-29,232.45,105.94
2015-04-30,226.06,104.27
2015-05-01,225.96,105.65
2015-05-04,230.5,105.82
2015-05-05,232.86,104.1
2015-05-06,230.53,103.38
2015-05-07,236.87,104.0
2015-05-08,236.61,105.3
2015-05-11,239.51,104.89
2015-05-12,244.75,104.42
2015-05-13,243.13,104.63
2015-05-14,244.1,106.16
2015-05-15,248.8601,106.16
2015-05-18,248.72,106.63
2015-05-19,247.045,106.51
2015-05-20,244.33,106.58
2015-05-21,245.62,107.13
2015-05-22,247.73,107.02
2015-05-26,247.41,105.79
2015-05-27,247.43,107.5
2015-05-28,251.45,107.26
2015-05-29,250.69,106.62
2015-06-01,249.28,106.98
2015-06-02,248.35,106.64
2015-06-03,248.99,106.96
2015-06-04,245.85,106.14
2015-06-05,249.09,105.89
2015-06-08,256.375,104.82
2015-06-09,256.18,104.64
2015-06-10,250.57,106.08
2015-06-11,251.44,106.23
2015-06-12,250.69,105.36
2015-06-15,250.38,104.84
2015-06-16,253.13,105.41
2015-06-17,260.4,105.7
2015-06-18,261.9,107.24
2015-06-19,262.27,106.71
2015-06-22,259.75,107.49
2015-06-23,267.61,107.58
2015-06-24,265.0,107.03
2015-06-25,268.76,106.81
2015-06-26,267.46,106.11
2015-06-29,262.06,103.6
2015-06-30,268.25,103.97
2015-07-01,268.96,104.79
2015-07-02,280.01,104.82
2015-07-06,279.71,104.58
2015-07-07,267.88,104.84
2015-07-08,254.96,103.02
2015-07-09,257.91,102.96
2015-07-10,259.14,104.53
2015-07-13,262.16,106.37
2015-07-14,265.7,107.07
2015-07-15,263.28,107.18
2015-07-16,266.66,108.7
2015-07-17,274.62,110.3
2015-07-20,282.08,110.68
2015-07-21,266.77,110.61
2015-07-22,267.82,109.36
2015-07-23,267.0032,108.95
2015-07-24,265.37,107.88
2015-07-27,253.01,106.99
2015-07-28,264.82,107.91
2015-07-29,263.78,108.32
2015-07-30,266.79,108.83
2015-07-31,266.14,108.71
2015-08-03,259.81,108.37
2015-08-04,266.3,108.16
2015-08-05,270.13,109.0
2015-08-06,246.19,107.25
2015-08-07,242.51,107.12
2015-08-10,241.08,108.34
2015-08-11,237.36,106.95
2015-08-12,238.2,107.32
2015-08-13,242.58,107.14
2015-08-14,243.09,107.31
2015-08-17,255.0244,108.2
2015-08-18,260.71,107.65
2015-08-19,255.27,106.94
2015-08-20,242.27,103.98
2015-08-21,230.8799,99.43
2015-08-24,218.96,95.61
2015-08-25,220.034,95.25
2015-08-26,224.84,100.05
2015-08-27,242.99,102.58
2015-08-28,248.2701,102.56
2015-08-31,249.11,101.29
2015-09-01,238.64,98.12
2015-09-02,247.86,100.89
2015-09-03,245.57,100.4
2015-09-04,241.9,99.2
2015-09-08,248.26,102.0
2015-09-09,248.91,100.85
2015-09-10,248.38,101.95
2015-09-11,250.2,102.51
2015-09-14,253.14,102.2
2015-09-15,253.49,103.41
2015-09-16,262.25,103.99
2015-09-17,261.99,104.03
2015-09-18,260.62,102.55
2015-09-21,264.22,102.87
2015-09-22,260.74,101.33
2015-09-23,261.06,101.41
2015-09-24,263.12,101.04
2015-09-25,257.06,100.18
2015-09-28,248.26,97.33
2015-09-29,246.53,96.82
2015-09-30,248.4,99.05
2015-10-01,239.88,99.5
2015-10-02,247.492,101.24
2015-10-05,246.15,102.69
2015-10-06,241.34,102.21
2015-10-07,231.89,102.82
2015-10-08,226.7,103.23
2015-10-09,220.68,103.7
2015-10-12,215.42,103.95
2015-10-13,219.25,103.28
2015-10-14,216.89,103.11
2015-10-15,221.44,104.81
2015-10-16,227.0,105.24
2015-10-19,228.1,105.85
2015-10-20,213.03,105.3
2015-10-21,210.05,104.66
2015-10-22,211.81,106.79
2015-10-23,209.1,109.78
2015-10-26,215.4,109.85
2015-10-27,210.35,110.07
2015-10-28,212.96,110.99
2015-10-29,211.6,110.81
2015-10-30,206.94,110.32
2015-11-02,213.81,111.56
2015-11-03,208.32,111.95
2015-11-04,231.65,111.96
2015-11-05,231.7,111.66
2015-11-06,232.35,111.74
2015-11-09,225.16,110.55
2015-11-10,216.5,110.27
2015-11-11,219.0,110.13
2015-11-12,212.94,109.06
2015-11-13,207.16,106.92
2015-11-16,214.31,108.46
2015-11-17,213.97,108.52
2015-11-18,221.04,110.61
2015-11-19,221.7311,110.69
2015-11-20,220.0,111.44
2015-11-23,217.75,111.11
2015-11-24,218.25,111.02
2015-11-25,229.64,111.11
2015-11-27,231.61,111.27
2015-11-30,230.36,110.99
2015-12-01,237.2435,112.1
2015-12-02,231.97,111.41
2015-12-03,232.61,109.52
2015-12-04,230.23,112.08
2015-12-07,231.0364,111.57
2015-12-08,226.73,111.58
2015-12-09,224.49,109.89
2015-12-10,227.07,110.38
2015-12-11,217.03,107.84
2015-12-14,218.61,108.66
2015-12-15,221.09,109.32
2015-12-16,234.51,110.95
2015-12-17,233.34,109.33
2015-12-18,230.56,107.24
2015-12-21,232.56,108.43
2015-12-22,229.95,109.14
2015-12-23,229.69,109.95
2015-12-24,230.68,109.93
2015-12-28,228.98,109.87
2015-12-29,237.19,111.6
2015-12-30,238.0468,110.59
2015-12-31,240.0,109.22
2016-01-04,223.41,106.91
2016-01-05,223.42,106.73
2016-01-06,219.04,105.7
2016-01-07,215.81,102.39
2016-01-08,211.0,101.55
2016-01-11,207.91,101.87
2016-01-12,209.97,103.05
2016-01-13,200.39,99.49
2016-01-14,206.18,101.61
2016-01-15,204.98,98.46
2016-01-19,204.71,98.67
2016-01-20,198.7,98.37
2016-01-21,199.97,98.47
2016-01-22,202.55,101.32
2016-01-25,196.37,99.82
2016-01-26,193.56,100.71
2016-01-27,188.07,98.2
2016-01-28,189.7,99.59
2016-01-29,191.11,101.67
2016-02-01,196.95,101.94
2016-02-02,182.71,99.74
2016-02-03,173.48,99.26
2016-02-04,175.33,99.25
2016-02-05,162.61,95.8
2016-02-08,148.03,94.34
2016-02-09,148.1,94.04
2016-02-10,143.63,94.41
2016-02-11,150.68,94.27
2016-02-12,151.04,95.7
2016-02-16,155.01,97.86
2016-02-17,168.78,100.08
2016-02-18,166.74,98.94
2016-02-19,166.55,99.23
2016-02-22,177.74,100.84
2016-02-23,177.21,99.18
2016-02-24,178.99,100.13
2016-02-25,187.65,101.11
2016-02-26,190.36,100.99
2016-02-29,191.91,100.08
2016-03-01,186.3499,103.29
2016-03-02,188.34,103.33
2016-03-03,195.74,103.13
2016-03-04,201.03,103.17
2016-03-07,205.09,102.54
2016-03-08,202.52,101.69
2016-03-09,208.67,102.34
2016-03-10,205.18,102.19
2016-03-11,207.47,103.97
2016-03-14,215.15,104.15
2016-03-15,218.33,104.11
2016-03-16,221.93,105.04
2016-03-17,226.38,104.98
2016-03-18,232.4261,105.14
2016-03-21,238.01,105.56
2016-03-22,234.24,105.88
2016-03-23,222.57,105.01
2016-03-24,227.67,105.04
2016-03-28,230.25,104.89
2016-03-29,230.08,106.57
2016-03-30,226.6,107.09
2016-03-31,229.72,106.94
2016-04-01,237.52,108.07
2016-04-04,246.99,107.66
2016-04-05,255.61,106.62
2016-04-06,265.45,108.38
2016-04-07,257.2,106.82
2016-04-08,250.02,106.74
2016-04-11,249.83,106.35
2016-04-12,247.82,107.24
2016-04-13,254.53,108.61
2016-04-14,251.84,108.62
2016-04-15,254.45,108.35
2016-04-18,253.87,108.92
2016-04-19,247.37,108.26
2016-04-20,249.97,108.35
2016-04-21,248.18,108.36
2016-04-22,253.69,106.72
2016-04-25,251.8,106.72
2016-04-26,253.66,106.2
2016-04-27,251.41,105.35
2016-04-28,247.71,104.08
2016-04-29,240.74,103.53
2016-05-02,241.8,104.51
2016-05-03,232.37,103.54
2016-05-04,222.5,102.87
2016-05-05,211.48,102.84
2016-05-06,214.92,103.39
2016-05-09,208.82,103.69
2016-05-10,208.67,105.11
2016-05-11,208.94,104.16
2016-05-12,207.2001,103.7
2016-05-13,207.78,103.31
2016-05-16,208.23,104.61
2016-05-17,204.72,103.29
2016-05-18,211.16,105.85
2016-05-19,215.12,105.31
2016-05-20,220.33,106.46
2016-05-23,216.13,106.3
2016-05-24,217.81,108.45
2016-05-25,219.57,109.25
2016-05-26,225.21,109.54
2016-05-27,222.89,110.12
2016-05-31,223.14,110.36
2016-06-01,219.46,110.34
2016-06-02,218.96,110.58
2016-06-03,218.99,110.06
2016-06-06,220.69,110.44
2016-06-07,232.5,110.19
2016-06-08,235.51,110.36
2016-06-09,229.36,110.18
2016-06-10,218.8,108.93
2016-06-13,217.86,108.03
2016-06-14,214.95,108.03
2016-06-15,217.7,107.72
2016-06-16,217.93,108.03
2016-06-17,215.48,106.52
2016-06-20,219.68,107.16
2016-06-21,219.6,107.46
2016-06-22,196.66,105.3
2016-06-23,196.3549,106.8
2016-06-24,193.15,102.4
2016-06-27,198.59,100.37
2016-06-28,201.74,102.57
2016-06-29,210.16,104.38
2016-06-30,212.27,105.59
2016-07-01,216.5,106.12
2016-07-05,213.96,105.47
2016-07-06,214.42,106.34
2016-07-07,215.9,106.65
2016-07-08,216.78,108.3
2016-07-11,224.78,108.92
2016-07-12,224.69,109.47
2016-07-13,222.51,109.2
2016-07-14,221.43,109.95
2016-07-15,220.39,109.77
2016-07-18,226.31,110.5
2016-07-19,225.26,110.1
2016-07-20,228.1191,111.38
2016-07-21,220.35,111.13
2016-07-22,222.26,111.59
2016-07-25,230.13,111.6
2016-07-26,229.4,111.73
2016-07-27,228.46,112.5
2016-07-28,230.38,112.9
2016-07-29,234.725,113.14
2016-08-01,229.63,113.74
2016-08-02,227.14,112.88
2016-08-03,225.58,113.25
2016-08-04,230.62,113.57
2016-08-05,229.99,114.66
2016-08-08,226.17,114.54
2016-08-09,229.03,114.8
2016-08-10,225.64,114.51
2016-08-11,224.9,115.0
2016-08-12,225.6,115.08
2016-08-15,225.59,115.57
2016-08-16,223.71,114.93
2016-08-17,223.24,115.14
2016-08-18,223.52,115.16
2016-08-19,224.99,115.14
2016-08-22,222.99,115.22
2016-08-23,224.54,115.43
2016-08-24,222.71,114.68
2016-08-25,220.91,114.5
2016-08-26,220.0,114.66
2016-08-29,215.2,114.82
2016-08-30,211.34,114.45
2016-08-31,211.95,114.33
2016-09-01,200.77,114.62
2016-09-02,197.78,115.0
2016-09-06,202.82,115.71
2016-09-07,201.7,115.78
2016-09-08,197.49,115.11
2016-09-09,194.47,112.21
2016-09-12,198.28,114.22
2016-09-13,196.05,113.2
2016-09-14,196.49,113.74
2016-09-15,200.24,115.51
2016-09-16,205.4,115.45
2016-09-19,206.34,114.95
2016-09-20,204.52,115.17
2016-09-21,205.2,116.3
2016-09-22,206.28,117.23
2016-09-23,207.45,116.48
2016-09-26,209.03,115.5
2016-09-27,205.89,116.64
2016-09-28,206.27,116.84
2016-09-29,200.7,115.99
2016-09-30,204.01,116.86
2016-10-03,213.6575,116.69
2016-10-04,211.4,116.52
2016-10-05,208.45,116.93
2016-10-06,201.09,116.87
2016-10-07,196.59,116.61
2016-10-10,200.92,117.35
2016-10-11,200.06,115.68
2016-10-12,201.5,115.58
2016-10-13,200.215,115.17
2016-10-14,196.51,115.31
2016-10-17,194.08,114.99
2016-10-18,199.1,116.01
2016-10-19,203.66,116.0
2016-10-20,199.12,115.87
2016-10-21,200.09,116.3
2016-10-24,202.76,117.7
2016-10-25,202.37,117.32
2016-10-26,202.34,116.53
2016-10-27,204.01,115.99
2016-10-28,200.08,115.27
2016-10-31,197.72,115.16
2016-11-01,190.82,114.29
2016-11-02,188.03,113.38
2016-11-03,187.42,112.26
2016-11-04,190.56,111.87
2016-11-07,193.19,114.53
2016-11-08,194.93,115.28
2016-11-09,190.07,115.81
2016-11-10,185.35,113.94
2016-11-11,188.57,113.99
2016-11-14,181.42,112.84
2016-11-15,183.77,114.4
2016-11-16,183.93,115.08
2016-11-17,188.73,115.92
2016-11-18,185.02,115.48
2016-11-21,184.7,116.68
2016-11-22,191.16,117.04
2016-11-23,193.2013,116.57
2016-11-25,196.5455,116.94
2016-11-28,196.12,116.67
2016-11-29,189.57,117.08
2016-11-30,189.39,115.66
2016-12-01,181.87,113.66
2016-12-02,181.45,113.89
2016-12-05,186.71,114.77
2016-12-06,185.83,115.05
2016-12-07,193.14,116.51
2016-12-08,192.28,116.71
2016-12-09,192.18,117.63
2016-12-12,192.42,117.1
2016-12-13,198.15,118.57
2016-12-14,198.69,118.33
2016-12-15,197.58,118.51
2016-12-16,202.49,118.08
2016-12-19,202.73,118.56
2016-12-20,208.77,119.01
2016-12-21,207.71,118.92
2016-12-22,208.44,118.59
2016-12-23,213.35,118.67
2016-12-27,219.53,119.28
2016-12-28,219.73,118.35
2016-12-29,214.65,118.18
2016-12-30,213.72,116.97
2017-01-03,216.98,118.02
2017-01-04,226.98,118.66
2017-01-05,226.75,119.33
2017-01-06,229.01,120.38
2017-01-09,231.25,120.77
2017-01-10,229.75,121.04
2017-01-11,229.74,121.36
2017-01-12,229.58,121.18
2017-01-13,237.75,121.59
2017-01-17,235.75,121.22
2017-01-18,238.35,121.47
2017-01-19,243.76,121.41
2017-01-20,244.67,121.68
2017-01-23,248.92,121.78
2017-01-24,254.59,122.6
2017-01-25,254.35,123.83
2017-01-26,252.49,123.96
2017-01-27,252.96,124.2
2017-01-30,250.62,123.23
2017-01-31,251.99,122.98
2017-02-01,249.23,123.83
2017-02-02,251.54,123.72
2017-02-03,251.33,124.08
2017-02-06,257.77,124.23
2017-02-07,257.46,124.68
2017-02-08,261.98,124.89
2017-02-09,269.2,125.34
2017-02-10,269.19,125.76
2017-02-13,280.6,126.47
2017-02-14,280.7657,126.89
2017-02-15,279.71,127.64
2017-02-16,268.95,127.6
2017-02-17,272.23,128.16
2017-02-21,277.38,128.79
2017-02-22,273.49,128.84
2017-02-23,256.0,128.35
2017-02-24,257.0,128.6
2017-02-27,246.15,128.76
2017-02-28,249.99,128.36
2017-03-01,250.01,129.76
2017-03-02,250.47,129.11
2017-03-03,251.55,129.35
2017-03-06,251.29,129.06
2017-03-07,248.64,128.85
2017-03-08,246.83,129.07
2017-03-09,244.9,129.17
2017-03-10,243.69,129.72
2017-03-13,246.16,129.93
2017-03-14,258.05,129.62
2017-03-15,255.77,130.42
2017-03-16,262.08,130.33
2017-03-17,261.29,130.28
2017-03-20,261.92,130.4
2017-03-21,250.68,128.42
2017-03-22,255.02,129.29
2017-03-23,254.78,128.97
2017-03-24,263.16,129.23
2017-03-27,270.22,129.44
2017-03-28,277.41,130.23
2017-03-29,277.37,130.84
2017-03-30,277.78,131.05
2017-03-31,278.31,130.96
2017-04-03,298.52,130.89
2017-04-04,303.68,131.09
2017-04-05,295.0,130.56
2017-04-06,298.69,130.63
2017-04-07,302.54,130.56
2017-04-10,312.39,130.61
2017-04-11,308.67,130.04
2017-04-12,296.84,129.52
2017-04-13,304.28,129.01
2017-04-17,301.38,130.07
2017-04-18,300.26,129.88
2017-04-19,305.54,130.08
2017-04-20,302.51,131.17
2017-04-21,305.6,131.14
2017-04-24,307.93,132.73
2017-04-25,313.8,133.68
2017-04-26,310.17,133.5
2017-04-27,308.65,134.3
2017-04-28,314.0,134.54
2017-05-01,322.84,135.73
2017-05-02,318.9,135.96
2017-05-03,310.78,135.53
2017-05-04,295.36,135.57
2017-05-05,308.35,136.07
2017-05-08,307.2,136.37
2017-05-09,321.27,136.84
2017-05-10,325.22,136.92
2017-05-11,323.07,136.81
2017-05-12,324.81,137.12
2017-05-15,315.88,137.18
2017-05-16,317.01,137.75
2017-05-17,306.0,134.25
2017-05-18,313.0599,135.42
2017-05-19,310.74,136.0
2017-05-22,310.3,137.14
2017-05-23,303.86,137.28
2017-05-24,310.22,137.91
2017-05-25,316.83,139.08
2017-05-26,325.05,139.33
2017-05-30,335.12,139.45
2017-05-31,341.01,139.4
2017-06-01,340.29,139.94
2017-06-02,339.85,141.54
2017-06-05,347.32,141.51
2017-06-06,352.8,140.95
2017-06-07,359.55,141.5
2017-06-08,370.01,141.65
2017-06-09,357.45,138.11
2017-06-12,358.99,137.37
2017-06-13,375.95,138.48
2017-06-14,380.6599,137.88
2017-06-15,375.34,137.27
2017-06-16,371.4,137.05
2017-06-19,369.8,139.34
2017-06-20,372.24,138.25
2017-06-21,376.4,139.62
2017-06-22,382.61,139.58
2017-06-23,383.23,140.11
2017-06-26,377.47,139.46
2017-06-27,362.36,136.93
2017-06-28,371.01,138.9
2017-06-29,360.8899,136.49
2017-06-30,361.73,136.54
2017-07-03,352.52,135.1
2017-07-05,327.0,136.43
2017-07-06,308.72,135.2
2017-07-07,313.15,136.66
2017-07-10,315.97,137.55
2017-07-11,327.19,137.94
2017-07-12,329.4,139.58
2017-07-13,323.29,139.88
2017-07-14,327.67,140.98
2017-07-17,319.4,141.05
2017-07-18,328.22,142.0
2017-07-19,325.25,142.83
2017-07-20,329.8,143.02
2017-07-21,328.24,142.96
2017-07-24,342.14,143.61
2017-07-25,339.58,143.25
2017-07-26,343.75,143.71
2017-07-27,334.4,142.81
2017-07-28,334.88,142.69
2017-07-31,323.34,142.09
2017-08-01,319.55,142.41
2017-08-02,325.83,142.8
2017-08-03,347.0772,142.24
2017-08-04,357.0026,142.5
2017-08-07,355.17,143.4
2017-08-08,365.27,143.16
2017-08-09,363.64,142.97
2017-08-10,355.4,139.9
2017-08-11,357.87,140.96
2017-08-14,363.8,142.78
2017-08-15,362.23,142.88
2017-08-16,362.91,143.13
2017-08-17,351.85,140.2
2017-08-18,347.51,140.1
2017-08-21,337.87,139.92
2017-08-22,341.27,142.06
2017-08-23,352.75,141.55
2017-08-24,352.94,141.13
2017-08-25,347.99,140.84
2017-08-28,345.66,141.27
2017-08-29,347.24,141.83
2017-08-30,353.13,143.49
2017-08-31,355.89,145.03
2017-09-01,355.22,144.83
2017-09-05,349.5,143.53
2017-09-06,344.66,143.97
2017-09-07,350.61,144.31
2017-09-08,343.3,143.06
2017-09-11,363.68,144.7
2017-09-12,362.71,145.05
2017-09-13,366.0601,145.25
2017-09-14,377.44,144.4
2017-09-15,379.81,144.89
2017-09-18,384.61,144.7
2017-09-19,374.82,144.95
2017-09-20,373.9,144.5
2017-09-21,366.43,143.62
2017-09-22,351.0,143.48
2017-09-25,344.88,141.97
2017-09-26,345.25,142.34
2017-09-27,340.99,143.62
2017-09-28,339.52,143.57
2017-09-29,341.02,144.6
2017-10-02,341.45,144.73
2017-10-03,348.14,145.04
2017-10-04,354.9887,145.18
2017-10-05,355.14,146.6
2017-10-06,356.834,146.8
2017-10-09,342.84,146.63
2017-10-10,355.6,146.74
2017-10-11,354.6,147.18
2017-10-12,355.65,146.91
2017-10-13,355.49,147.48
2017-10-16,350.46,147.98
2017-10-17,355.73,148.17
2017-10-18,359.72,147.99
2017-10-19,351.81,147.45
2017-10-20,345.1,147.84
2017-10-23,337.06,146.88
2017-10-24,337.33,147.13
2017-10-25,325.76,146.57
2017-10-26,326.1,146.1
2017-10-27,320.8726,150.36
2017-10-30,320.035,150.7
2017-10-31,331.52,151.26
2017-11-01,321.1,151.21
2017-11-02,299.24,150.93
2017-11-03,306.09,152.38
2017-11-06,302.7,152.89
2017-11-07,306.03,152.98
2017-11-08,304.31,153.6
2017-11-09,302.98,153.68
2017-11-10,302.92,153.6625
2017-11-13,315.4,153.87
2017-11-14,308.7,153.31
2017-11-15,311.25,152.57
2017-11-16,312.5,154.54
2017-11-17,314.97,153.94
2017-11-20,308.72,153.82
2017-11-21,317.8,155.49
2017-11-22,312.63,155.69
2017-11-24,315.54,156.25
2017-11-27,316.74,156.19
2017-11-28,317.61,156.61
2017-11-29,307.55,153.88
2017-11-30,308.95,155.15
2017-12-01,306.53,153.59
2017-12-04,305.23,151.82
2017-12-05,303.7,151.92
2017-12-06,313.27,152.61
2017-12-07,311.26,153.12
2017-12-08,315.06,153.8
2017-12-11,328.9,154.99
2017-12-12,340.94,154.78
2017-12-13,339.03,155.08
2017-12-14,337.88,154.97
2017-12-15,343.43,156.73
2017-12-18,338.81,158.05
2017-12-19,330.99,157.11
2017-12-20,328.903,157.55
2017-12-21,331.6,157.56
2017-12-22,325.19,157.37
2017-12-26,317.29,156.55
2017-12-27,311.63,156.57
2017-12-28,315.36,156.735
2017-12-29,311.4,155.75
2018-01-02,320.29,158.47
2018-01-03,317.01,160.02
2018-01-04,314.62,160.31
2018-01-05,316.55,161.88
2018-01-08,336.41,162.5
2018-01-09,333.69,162.59
2018-01-10,334.72,162.18
2018-01-11,337.93,163.3
2018-01-12,336.22,164.47
2018-01-16,340.04,163.99
2018-01-17,347.1,165.781
2018-01-18,344.51,165.82
2018-01-19,349.965,166.34
2018-01-22,351.6,168.11
2018-01-23,352.8,169.49
2018-01-24,345.92,168.46
2018-01-25,337.55,168.35
2018-01-26,342.7001,170.86
2018-01-29,349.339,170.09
2018-01-30,345.82,168.74
2018-01-31,354.46,169.32
2018-02-01,349.25,167.97
2018-02-02,343.75,164.56
2018-02-05,333.15,158.15
2018-02-06,333.97,162.31
2018-02-07,344.77,160.21
2018-02-08,315.45,153.47
2018-02-09,310.42,156.13
2018-02-12,315.71,158.93
2018-02-13,323.5,159.64
2018-02-14,322.2229,162.71
2018-02-15,334.12,165.66
2018-02-16,335.49,165.03
2018-02-20,334.76,165.24
2018-02-21,333.38,164.74
2018-02-22,346.32,164.86
2018-02-23,352.04,168.12
2018-02-26,357.35,170.35
2018-02-27,350.97,168.22
2018-02-28,343.1,167.1
2018-03-01,330.93,164.54
2018-03-02,335.12,165.98
2018-03-05,333.3,167.78
2018-03-06,328.22,168.52
2018-03-07,332.32,168.91
2018-03-08,328.92,169.84
2018-03-09,327.22,173.1
2018-03-12,345.41,173.87
2018-03-13,341.84,171.77
2018-03-14,326.65,171.69
2018-03-15,325.6,171.43
2018-03-16,321.3,171.05
2018-03-19,313.57,167.15
2018-03-20,310.55,167.64
2018-03-21,316.53,166.86
2018-03-22,309.0766,162.67
2018-03-23,301.55,158.44
2018-03-26,304.15,164.42
2018-03-27,279.22,158.99
2018-03-28,257.79,157.28
2018-03-29,266.14,160.17
2018-04-02,252.52,155.61
2018-04-03,267.53,157.24
2018-04-04,286.97,159.74
2018-04-05,305.71,160.6
2018-04-06,299.58,156.68
2018-04-09,289.7105,157.64
2018-04-10,304.7,161.11
2018-04-11,301.02,160.33
2018-04-12,294.06,162.12
2018-04-13,300.3,161.4
2018-04-16,291.26,162.54
2018-04-17,287.69,166.0
2018-04-18,293.35,166.4
2018-04-19,300.09,164.97
2018-04-20,290.24,162.39
2018-04-23,283.34,161.9
2018-04-24,283.69,158.5
2018-04-25,280.79,158.72
2018-04-26,285.49,161.97
2018-04-27,294.1499,162.11
2018-04-30,293.9,160.89
2018-05-01,299.32,162.7
2018-05-02,301.22,161.81
2018-05-03,284.44,161.78
2018-05-04,293.98,164.875
2018-05-07,302.75,166.15
2018-05-08,302.0,166.01
2018-05-09,306.9042,167.895
2018-05-10,304.95,169.62
2018-05-11,301.03,169.44
2018-05-14,291.89,169.67
2018-05-15,284.25,167.89
2018-05-16,286.47,168.98
2018-05-17,284.46,168.32
2018-05-18,276.89,167.46
2018-05-21,284.47,168.42
2018-05-22,275.01,168.17
2018-05-23,279.06,169.6
2018-05-24,277.85,169.505
2018-05-25,278.8707,169.73
2018-05-29,283.68,168.95
2018-05-30,291.81,170.17
2018-05-31,284.72,170.03
2018-06-01,291.7284,172.75
2018-06-04,296.67,174.22
2018-06-05,291.13,174.83
2018-06-06,319.44,175.88
2018-06-07,316.02,174.49
2018-06-08,317.66,174.44
2018-06-11,332.11,174.89
2018-06-12,342.73,175.83
2018-06-13,344.76,175.77
2018-06-14,357.72,177.6
2018-06-15,358.12,177.02
2018-06-18,370.83,176.5
2018-06-19,352.58,176.01
2018-06-20,361.85,177.25
2018-06-21,347.5,175.72
2018-06-22,333.63,175.14
2018-06-25,333.19,171.36
2018-06-26,342.0,172.07
2018-06-27,344.55,169.66
2018-06-28,349.98,171.19
2018-06-29,342.89,171.44
2018-07-02,335.07,172.81
2018-07-03,310.9247,170.79
2018-07-05,309.11,172.92
2018-07-06,308.91,175.52
2018-07-09,318.29,177.18
2018-07-10,322.37,177.31
2018-07-11,318.9,176.42
2018-07-12,316.72,179.37
2018-07-13,318.8,179.58
2018-07-16,310.19,179.17
2018-07-17,322.67,180.31
2018-07-18,324.0,179.93
2018-07-19,320.23,179.09
2018-07-20,313.57,178.99
2018-07-23,303.2,179.505
2018-07-24,297.42,180.31
2018-07-25,308.73,182.82
2018-07-26,306.35,180.16
2018-07-27,297.19,177.66
2018-07-30,290.18,175.16
2018-07-31,298.15,176.16
2018-08-01,301.489,177.12
2018-08-02,349.3898,179.52
2018-08-03,348.3,180.08
2018-08-06,342.0,181.17
2018-08-07,379.58,181.76
2018-08-08,370.38,181.92
2018-08-09,352.26,181.85
2018-08-10,355.529,180.5
2018-08-13,356.41,180.36
2018-08-14,347.64,181.47
2018-08-15,338.76,179.29
2018-08-16,335.45,179.82
2018-08-17,305.51,179.87
2018-08-20,308.44,179.7
2018-08-21,321.9,180.34
2018-08-22,321.52,181.03
2018-08-23,320.11,180.77
2018-08-24,322.81,182.48
2018-08-27,319.54,184.3
2018-08-28,311.85,184.59
2018-08-29,304.88,186.74
2018-08-30,303.135,186.35
2018-08-31,301.65,186.61
2018-09-04,288.99,185.87
2018-09-05,280.6987,183.46
2018-09-06,281.0095,181.8199
2018-09-07,263.24,181.26
2018-09-10,285.46,181.72
2018-09-11,279.43,183.11
2018-09-12,290.56,182.59
2018-09-13,289.42,184.44
2018-09-14,295.11,183.99
2018-09-17,294.79,181.34
2018-09-18,284.93,182.8207
2018-09-19,299.04,182.7
2018-09-20,298.32,184.64
2018-09-21,299.01,183.69
2018-09-24,299.73,183.84
2018-09-25,301.05,184.13
2018-09-26,309.5664,184.21
2018-09-27,307.46,185.82
2018-09-28,264.72,185.77
2018-10-01,310.3446,186.14
2018-10-02,300.9,185.75
2018-10-03,295.03,186.0
2018-10-04,281.84,182.45
2018-10-05,261.99,180.21
2018-10-08,250.54,179.09
2018-10-09,262.81,179.56
2018-10-10,256.89,171.73
2018-10-11,252.33,169.63
2018-10-12,259.15,174.33
2018-10-15,259.56,172.12
2018-10-16,276.54,177.13
2018-10-17,271.8,177.3
2018-10-18,263.95,173.34
2018-10-19,260.04,173.04
2018-10-22,260.94,173.92
2018-10-23,294.26,173.4
2018-10-24,288.84,165.34
2018-10-25,314.81,170.96
2018-10-26,330.63,166.79
2018-10-29,336.79,163.72
2018-10-30,329.81,165.86
2018-10-31,337.28,169.66
2018-11-01,344.12,172.12
2018-11-02,346.45,169.54
2018-11-05,341.27,168.91
2018-11-06,341.06,170.26
2018-11-07,348.027,175.48
2018-11-08,351.29,174.49
2018-11-09,350.53,171.55
2018-11-12,331.15,166.48
2018-11-13,338.61,166.5
2018-11-14,344.15,165.13
2018-11-15,348.41,168.15
2018-11-16,354.29,167.53
2018-11-19,353.4801,162.06
2018-11-20,347.73,159.19
2018-11-21,338.16,160.41
2018-11-23,326.0,159.26
2018-11-26,345.94,162.91
2018-11-27,343.91,163.48
2018-11-28,347.87,168.64
2018-11-29,341.17,168.16
2018-11-30,350.39,169.43
2018-12-03,358.64,172.28
2018-12-04,359.5934,165.81
2018-12-06,363.06,166.91
2018-12-07,357.8701,161.33
2018-12-10,365.14,163.06
2018-12-11,366.69,163.59
2018-12-12,366.72,165.05
2018-12-13,376.89,165.13
2018-12-14,365.61,160.92
2018-12-17,348.29,157.39
2018-12-18,336.83,158.44
2018-12-19,332.98,154.79
2018-12-20,315.315,152.43
2018-12-21,319.91,147.57
2018-12-24,295.69,143.61
2018-12-26,326.08,152.45
2018-12-27,315.9188,153.055
2018-12-28,333.86,152.885
2018-12-31,331.4531,153.23
2019-01-02,309.8699,154.6799
2019-01-03,300.31,149.91
2019-01-04,317.54,156.3114
2019-01-07,334.986,158.13
2019-01-08,335.49,159.52
2019-01-09,338.52,160.7
2019-01-10,344.91,161.17
2019-01-11,347.35,160.6992
2019-01-14,334.7,159.41
2019-01-15,344.345,162.3
2019-01-16,345.89,162.345
2019-01-17,347.15,163.52
2019-01-18,302.22,165.02
2019-01-22,298.18,161.4516
2019-01-23,287.18,161.97
2019-01-24,291.855,163.25
2019-01-25,297.0,165.1
2019-01-28,296.38,163.01
2019-01-29,297.18,161.47
2019-01-30,308.705,165.74
2019-01-31,307.0679,168.29
2019-02-01,312.1801,167.4
2019-02-04,312.465,169.325
2019-02-05,321.37,170.97
2019-02-06,317.77,170.475
2019-02-07,307.5999,168.03
2019-02-08,305.34,168.24
2019-02-11,313.02,168.39
2019-02-12,311.99,170.915
2019-02-13,308.34,170.95
2019-02-14,303.98,171.28
2019-02-15,307.8181,171.89
2019-02-19,305.59,172.19
2019-02-20,302.53,172.27
2019-02-21,291.24,171.6
2019-02-22,294.69,172.89
2019-02-25,298.7,173.51
2019-02-26,297.81,173.7
2019-02-27,314.795,173.57
2019-02-28,319.81,173.17
2019-03-01,294.66,174.42
2019-03-04,285.3,174.44
2019-03-05,276.64,174.53
2019-03-06,276.23,173.52
2019-03-07,276.6,171.45
2019-03-08,284.13,171.18
2019-03-11,290.86,174.74
2019-03-12,283.37,175.7
2019-03-13,288.91,177.02
2019-03-14,289.96,176.72
2019-03-15,275.5492,178.27
2019-03-18,269.52,178.41
2019-03-19,267.38,179.04
2019-03-20,273.5,179.79
2019-03-21,274.045,182.56
2019-03-22,264.64,178.49
2019-03-25,260.49,178.24
2019-03-26,267.7602,179.05
2019-03-27,274.9,178.0
2019-03-28,278.58,178.34
2019-03-29,279.75,179.72
2019-04-01,289.18,182.14
2019-04-02,285.85,182.73
2019-04-03,291.76,183.78
2019-04-04,267.8,183.725
2019-04-05,274.96,184.66
2019-04-08,273.15,185.15
2019-04-09,272.4,184.48
2019-04-10,276.05,185.48
2019-04-11,268.4498,185.06
2019-04-12,267.68,185.84
2019-04-15,266.38,185.88
2019-04-16,273.31,186.54
2019-04-17,271.219,187.14
2019-04-18,273.26,187.38
2019-04-22,262.8943,187.97
2019-04-23,263.98,190.29
2019-04-24,258.6906,189.69
2019-04-25,247.573,190.41
2019-04-26,235.04,190.66
2019-04-29,241.4375,191.0
2019-04-30,238.69,189.55
2019-05-01,234.01,188.83
2019-05-02,244.08,188.19
2019-05-03,255.04,191.12
2019-05-06,255.335,189.99
2019-05-07,247.06,186.26
2019-05-08,244.76,185.63
2019-05-09,241.98,184.81
2019-05-10,239.51,185.01
2019-05-13,227.01,178.56
2019-05-14,232.12,180.49
2019-05-15,231.92,183.03
2019-05-16,228.245,184.92
2019-05-17,211.0731,183.02
2019-05-20,205.34,179.96
2019-05-21,204.97,181.8
2019-05-22,192.69,181.04
2019-05-23,195.48,178.29
2019-05-24,190.7257,178.12
2019-05-28,188.72,177.5
2019-05-29,189.89,176.07
2019-05-30,188.18,176.8
2019-05-31,185.48,173.9
2019-06-03,179.01,170.21
2019-06-04,193.91,174.91
2019-06-05,196.677,176.22
2019-06-06,206.08,177.6
2019-06-07,204.39,181.01
2019-06-10,212.88,183.09
2019-06-11,217.1,183.39
2019-06-12,209.2173,182.36
2019-06-13,213.89,183.45
2019-06-14,214.92,182.58
2019-06-17,225.03,183.72
2019-06-18,224.74,186.4
2019-06-19,226.33,187.12
2019-06-20,219.59,188.82
2019-06-21,221.89,188.62
2019-06-24,223.64,188.14
2019-06-25,219.77,184.93
2019-06-26,219.18,185.78
2019-06-27,222.81,186.5
2019-06-28,223.46,186.76
2019-07-01,227.16,189.23
2019-07-02,224.62,190.02
2019-07-03,234.9,191.44
2019-07-05,233.15,191.1
2019-07-08,230.38,189.72
2019-07-09,230.06,190.69
2019-07-10,238.92,192.55
2019-07-11,238.6,192.4
2019-07-12,245.06,193.52
2019-07-15,253.48,194.1
2019-07-16,252.4,193.13
2019-07-17,254.83,192.19
2019-07-18,253.59,192.53
2019-07-19,258.0789,190.91
2019-07-22,255.65,192.58
2019-07-23,260.1,193.79
2019-07-24,265.0288,195.15
2019-07-25,228.8102,193.27
2019-07-26,228.0,195.26
2019-07-29,235.792,194.64
2019-07-30,242.26,193.79
2019-07-31,241.62,191.19
2019-08-01,233.94,190.11
2019-08-02,234.2784,187.43
2019-08-05,228.48,180.68
2019-08-06,230.63,183.26
2019-08-07,233.47,184.06
2019-08-08,238.29,188.28
2019-08-09,235.0,186.45
2019-08-12,229.02,184.36
2019-08-13,234.97,188.44
2019-08-14,219.59,182.71
2019-08-15,215.52,182.58
2019-08-16,219.92,185.46
2019-08-19,226.81,188.3
2019-08-20,225.65,186.99
2019-08-21,220.79,188.63
2019-08-22,222.05,188.05
2019-08-23,211.39,182.17
2019-08-26,214.98,184.84
2019-08-27,214.16,184.55
2019-08-28,215.59,185.11
2019-08-29,221.7,187.91
2019-08-30,225.6,187.52
2019-09-03,225.11,185.66
2019-09-04,220.71,188.34
2019-09-05,229.48,191.82
2019-09-06,227.49,191.59
2019-09-09,231.78,191.15
2019-09-10,235.54,190.73
2019-09-11,247.23,192.45
2019-09-12,245.86,193.21
2019-09-13,245.27,192.59
2019-09-16,242.7,191.64
2019-09-17,244.79,192.52
2019-09-18,243.43,192.52
2019-09-19,246.58,192.83
2019-09-20,240.59,190.85
2019-09-23,241.25,190.46
2019-09-24,223.2817,187.87
2019-09-25,228.7,190.07
2019-09-26,242.52,189.36
2019-09-27,242.13,187.14
2019-09-30,240.84,188.78
2019-10-01,244.69,187.21
2019-10-02,243.24,184.0
2019-10-03,232.92,186.13
2019-10-04,231.4159,188.89
2019-10-07,237.72,188.21
2019-10-08,240.0,185.3
2019-10-09,244.53,187.34
2019-10-10,244.74,188.66
2019-10-11,247.77,191.01
2019-10-14,256.92,191.11
2019-10-15,257.86,193.52
2019-10-16,259.6902,193.03
2019-10-17,261.98,193.54
2019-10-18,256.9899,191.68
2019-10-21,253.43,193.42
2019-10-22,255.52,191.87
2019-10-23,254.889,192.22
2019-10-24,299.62,194.08
2019-10-25,328.19,195.61
2019-10-28,327.51,197.59
2019-10-29,316.2,196.09
2019-10-30,314.86,196.94
2019-10-31,315.09,197.03
2019-11-01,313.21,198.87
2019-11-04,317.425,200.07
2019-11-05,317.16,200.11
2019-11-06,326.7,199.75
2019-11-07,335.39,200.43
2019-11-08,337.12,201.25
2019-11-11,345.1,200.96
2019-11-12,349.95,201.51
2019-11-13,345.99,201.37
2019-11-14,349.36,201.42
2019-11-15,352.24,202.72
2019-11-18,349.98,203.08
2019-11-19,359.52,203.36
2019-11-20,352.4,202.12
2019-11-21,354.9697,201.68
2019-11-22,332.99,201.82
2019-11-25,336.3009,204.25
2019-11-26,328.93,204.6
2019-11-27,331.05,206.05
2019-11-29,330.04,205.08
2019-12-02,334.86,202.86
2019-12-03,336.08,201.4
2019-12-04,332.99,202.4
2019-12-05,330.34,202.79
2019-12-06,335.85,204.92
2019-12-09,339.4,204.04
2019-12-10,348.83,203.9
2019-12-11,352.5,205.04
2019-12-12,359.67,206.58
2019-12-13,358.37,207.19
2019-12-16,381.51,209.16
2019-12-17,378.9101,209.29
2019-12-18,393.1,209.43
2019-12-19,404.02,210.89
2019-12-20,405.55,211.77
2019-12-23,419.18,211.75
2019-12-24,425.18,211.87
2019-12-26,430.8202,213.78
2019-12-27,430.23,213.6
2019-12-30,414.62,212.16
2019-12-31,418.17,212.58
2020-01-02,430.24,216.14
2020-01-03,442.75,214.2
2020-01-06,451.4001,215.54
2020-01-07,469.17,215.51
2020-01-08,492.09,217.11
2020-01-09,481.49,219.01
2020-01-10,477.96,218.45
2020-01-13,524.85,220.95
2020-01-14,538.0,220.1
2020-01-15,518.505,220.17
2020-01-16,513.49,222.3
2020-01-17,510.19,223.41
2020-01-21,547.3007,223.34
2020-01-22,569.43,223.86
2020-01-23,571.9422,224.53
2020-01-24,564.96,222.69
2020-01-27,557.54,218.05
2020-01-28,566.82,221.43
2020-01-29,581.0,221.72
2020-01-30,640.93,222.6
2020-01-31,650.48,219.01
2020-02-03,780.28,222.3
2020-02-04,887.72,227.42
2020-02-05,734.72,228.25
2020-02-06,748.5,230.17
2020-02-07,747.9808,229.17
2020-02-10,770.8467,231.96
2020-02-11,774.02,231.98
2020-02-12,767.44,234.29
2020-02-13,803.86,233.94
2020-02-14,799.9724,234.56
2020-02-18,858.66,234.74
2020-02-19,916.96,236.99
2020-02-20,899.18,234.73
2020-02-21,901.0,230.31
2020-02-24,833.16,221.39
2020-02-25,799.11,215.45
2020-02-26,778.8,216.43
2020-02-27,678.85,205.6
2020-02-28,667.43,206.67
2020-03-02,743.69,216.48
2020-03-03,745.51,209.62
2020-03-04,749.5,218.18
2020-03-05,723.62,211.58
2020-03-06,703.39,208.09
2020-03-09,606.46,193.65
2020-03-10,645.0,204.25
2020-03-11,633.905,195.3
2020-03-12,556.01,177.25
2020-03-13,546.2,193.96
2020-03-16,444.9801,169.57
2020-03-17,430.0,182.01
2020-03-18,361.6,176.42
2020-03-19,427.295,177.74
2020-03-20,427.53,170.74
2020-03-23,434.29,170.61
2020-03-24,504.3,183.79
2020-03-25,539.175,182.13
2020-03-26,528.05,192.16
2020-03-27,514.56,184.94
2020-03-30,502.1,192.11
2020-03-31,524.48,190.46
2020-04-01,481.58,182.39
2020-04-02,454.47,186.02
2020-04-03,480.0,183.52
2020-04-06,516.24,196.58
2020-04-07,545.47,196.22
2020-04-08,548.7,200.47
2020-04-09,573.01,200.81
2020-04-13,650.9899,203.04
2020-04-14,709.755,211.85
2020-04-15,729.5254,209.43
2020-04-16,745.6545,213.35
2020-04-17,753.65,215.19
2020-04-20,746.35,212.64
2020-04-21,686.72,204.78
2020-04-22,732.15,211.16
2020-04-23,705.63,210.55
2020-04-24,725.0,214.06
2020-04-27,798.92,215.35
2020-04-28,769.11,211.52
2020-04-29,799.84,218.75
2020-04-30,781.06,219.17
2020-05-01,701.31,212.64
2020-05-04,761.21,215.22
2020-05-05,768.06,217.66
2020-05-06,782.45,218.97
2020-05-07,780.215,221.89
2020-05-08,819.25,224.77
2020-05-11,810.48,226.65
2020-05-12,809.21,222.14
2020-05-13,790.62,219.44
2020-05-14,803.04,221.83
2020-05-15,799.034,223.28
2020-05-18,813.51,227.49
2020-05-19,808.0,226.75
2020-05-20,815.46,231.36
2020-05-21,827.75,228.87
2020-05-22,816.4,229.6
2020-05-26,818.74,229.14
2020-05-27,819.955,230.28
2020-05-28,805.975,229.8
2020-05-29,834.1905,232.88
2020-06-01,897.875,234.18
2020-06-02,881.4,235.67
2020-06-03,882.51,236.68
2020-06-04,864.27,235.0
2020-06-05,885.335,239.6
2020-06-08,948.45,241.57
2020-06-09,941.5524,243.2
2020-06-10,1024.974,246.22
2020-06-11,972.41,234.12
2020-06-12,936.25,235.55
2020-06-15,990.75,238.66
2020-06-16,981.51,242.95
2020-06-17,990.56,243.56
2020-06-18,1004.02,244.29
2020-06-19,1000.57,244.31
2020-06-22,994.54,246.77
2020-06-23,1001.66,248.73
2020-06-24,960.85,243.78
2020-06-25,985.98,246.08
2020-06-26,960.76,240.08
2020-06-29,1009.89,242.77
2020-06-30,1079.0,247.28
2020-07-01,1119.54,250.43
2020-07-02,1208.8,252.11
2020-07-06,1371.0,258.39
2020-07-07,1389.69,256.56
2020-07-08,1365.8054,259.94
2020-07-09,1393.81,262.06
2020-07-10,1546.01,264.01
2020-07-13,1494.1,258.53
2020-07-14,1516.385,260.41
2020-07-15,1546.875,260.78
2020-07-16,1498.7701,258.72
2020-07-17,1500.45,259.38
2020-07-20,1642.47,266.79
2020-07-21,1567.58,264.05
2020-07-22,1590.58,264.92
2020-07-23,1513.68,257.95
2020-07-24,1415.56,255.44
2020-07-27,1539.91,260.09
2020-07-28,1475.35,256.76
2020-07-29,1499.99,259.83
2020-07-30,1487.42,261.16
2020-07-31,1432.0,265.84
2020-08-03,1484.98,269.31
2020-08-04,1486.25,270.44
2020-08-05,1485.18,271.11
2020-08-06,1489.69,274.585
2020-08-07,1453.1,271.5
2020-08-10,1419.0,270.28
2020-08-11,1374.0,265.21
2020-08-12,1554.423,271.93
2020-08-13,1620.71,272.48
2020-08-14,1651.5,272.22
2020-08-17,1835.86,275.27
2020-08-18,1888.11,277.962
2020-08-19,1879.0,276.14
2020-08-20,2001.3,279.88
2020-08-21,2050.0,281.85
2020-08-24,2015.695,283.61
2020-08-25,2024.09,285.82
2020-08-26,2151.93,291.88
2020-08-27,2239.76,290.99
2020-08-28,2213.52,292.5
2020-08-31,498.51,294.99
2020-09-01,475.04,299.89
2020-09-02,447.245,302.73
2020-09-03,407.0,287.21
2020-09-04,417.9307,283.47
2020-09-08,330.02,270.01
2020-09-09,366.21,277.78
2020-09-10,370.5,272.19
2020-09-11,372.4101,270.46
2020-09-14,419.765,275.09
2020-09-15,449.38,279.05
2020-09-16,441.76,274.435
2020-09-17,423.43,270.37
2020-09-18,440.9701,266.75
2020-09-21,449.41,267.54
2020-09-22,423.974,272.45
2020-09-23,380.3885,264.08
2020-09-24,387.63,265.42
2020-09-25,407.18,271.62
2020-09-28,421.0602,277.03
2020-09-29,418.99,275.86
2020-09-30,428.97,278.1
2020-10-01,447.81,282.26
2020-10-02,415.2699,274.33
2020-10-05,425.5,280.32
2020-10-06,413.7001,275.15
2020-10-07,425.19,280.11
2020-10-08,425.92,281.47
2020-10-09,433.96,285.72
2020-10-12,442.0,294.52
2020-10-13,446.65,294.43
2020-10-14,461.47,292.14
2020-10-15,448.88,290.01
2020-10-16,439.91,288.45
2020-10-19,430.83,283.67
2020-10-20,421.97,284.47
2020-10-21,422.5,284.19
2020-10-22,425.9,284.26
2020-10-23,420.615,284.89
2020-10-26,420.28,280.4
2020-10-27,424.471,282.6
2020-10-28,406.0,271.71
2020-10-29,410.64,276.23
2020-10-30,388.04,269.71
2020-11-02,400.51,270.05
2020-11-03,423.74,274.63
2020-11-04,420.91,286.85
2020-11-05,438.09,294.31
2020-11-06,429.92,294.65
2020-11-09,421.39,288.44
2020-11-10,410.41,283.46
2020-11-11,417.13,289.84
2020-11-12,411.73,288.42
2020-11-13,406.78,291.48
2020-11-16,408.09,293.05
2020-11-17,441.57,292.12
2020-11-18,486.64,290.07
2020-11-19,499.16,292.24
2020-11-20,489.44,290.36
2020-11-23,521.67,290.37
2020-11-24,555.86,294.52
2020-11-25,574.0,296.42
2020-11-27,585.75,299.02
2020-11-30,566.48,299.36
2020-12-01,585.19,303.66
2020-12-02,568.8,303.85
2020-12-03,593.28,304.19
2020-12-04,599.0,305.6
2020-12-07,642.0,307.26
2020-12-08,649.88,308.21
2020-12-09,604.17,301.4
2020-12-10,627.33,302.43
2020-12-11,610.0,301.93
2020-12-14,639.79,303.83
2020-12-15,632.48,307.25
2020-12-16,622.67,309.01
2020-12-17,655.725,311.0
2020-12-18,664.99,309.85
2020-12-21,649.78,309.01
2020-12-22,640.09,309.75
2020-12-23,645.98,308.16
2020-12-24,661.66,309.53
2020-12-28,663.77,312.65
2020-12-29,665.98,312.92
2020-12-30,694.71,312.9
2020-12-31,705.21,313.59
2021-01-04,729.75,309.24
2021-01-05,735.055,311.77
2021-01-06,756.46,307.57
2021-01-07,816.24,315.03
2021-01-08,880.03,319.09
2021-01-11,811.18,314.31
2021-01-12,849.22,313.98
2021-01-13,854.42,316.0
2021-01-14,844.21,314.25
