date,TSLA,QQQ,earnings flag
2017-01-03,43.39799880981450,115.84799194335900,0
2017-01-04,45.39799880981450,116.47792053222700,0
2017-01-05,45.349998474121100,117.13693237304700,0
2017-01-06,45.801998138427700,118.16419219970700,0
2017-01-09,46.25600051879880,118.55181884765600,0
2017-01-10,45.9739990234375,118.81348419189500,0
2017-01-11,45.94599914550780,119.13329315185500,0
2017-01-12,45.917999267578100,118.94915771484400,0
2017-01-13,47.54999923706060,119.35618591308600,0
2017-01-17,47.11600112915040,118.99761962890600,0
2017-01-18,47.672000885009800,119.23991394043000,0
2017-01-19,48.75199890136720,119.1817398071290,0
2017-01-20,48.94599914550780,119.44339752197300,0
2017-01-23,49.784000396728500,119.54032897949200,0
2017-01-24,50.922000885009800,120.34469604492200,0
2017-01-25,50.89400100708010,121.55607604980500,0
2017-01-26,50.50199890136720,121.68206024169900,0
2017-01-27,50.59000015258790,121.9146728515630,0
2017-01-30,50.125999450683600,120.96492004394500,0
2017-01-31,50.38600158691410,120.7226333618160,0
2017-02-01,49.847999572753900,121.55607604980500,0
2017-02-02,50.310001373291000,121.44947814941400,0
2017-02-03,50.26599884033200,121.79837036132800,0
2017-02-06,51.55400085449220,121.94374084472700,0
2017-02-07,51.49599838256840,122.38953399658200,0
2017-02-08,52.41600036621090,122.59303283691400,0
2017-02-09,53.84000015258790,123.0388412475590,0
2017-02-10,53.84600067138670,123.44585418701200,0
2017-02-13,56.119998931884800,124.14362335205100,0
2017-02-14,56.19599914550780,124.56034851074200,0
2017-02-15,55.95199966430660,125.296875,0
2017-02-16,53.790000915527300,125.25811004638700,0
2017-02-17,54.44599914550780,125.80079650878900,0
2017-02-21,55.47800064086910,126.4210433959960,0
2017-02-22,54.70199966430660,126.46949768066400,1
2017-02-23,51.198001861572300,125.99462127685500,0
2017-02-24,51.400001525878900,126.23690795898400,0
2017-02-27,49.24599838256840,126.3919677734380,0
2017-02-28,49.99800109863280,126.00431060791000,0
2017-03-01,50.00400161743160,127.38047790527300,0
2017-03-02,50.09600067138670,126.74083709716800,0
2017-03-03,50.31399917602540,126.97344970703100,0
2017-03-06,50.242000579834000,126.69237518310500,0
2017-03-07,49.71799850463870,126.47916412353500,0
2017-03-08,49.374000549316400,126.70210266113300,0
2017-03-09,48.97999954223630,126.79898071289100,0
2017-03-10,48.737998962402300,127.33199310302700,0
2017-03-13,49.23400115966800,127.54521942138700,0
2017-03-14,51.599998474121100,127.23506164550800,0
2017-03-15,51.145999908447300,128.02008056640600,0
2017-03-16,52.40999984741210,127.932861328125,0
2017-03-17,52.29999923706060,127.88819885253900,0
2017-03-20,52.38399887084960,128.00469970703100,0
2017-03-21,50.13600158691410,126.06246948242200,0
2017-03-22,51.00199890136720,126.91705322265600,0
2017-03-23,50.95600128173830,126.59660339355500,0
2017-03-24,52.63199996948240,126.8587875366210,0
2017-03-27,54.04399871826170,127.06270599365200,0
2017-03-28,55.4900016784668,127.83963012695300,0
2017-03-29,55.47600173950200,128.43202209472700,0
2017-03-30,55.58399963378910,128.64566040039100,0
2017-03-31,55.65999984741210,128.5583038330080,0
2017-04-03,59.70399856567380,128.48057556152300,0
2017-04-04,60.7400016784668,128.6844940185550,0
2017-04-05,59.0,128.16012573242200,0
2017-04-06,59.7400016784668,128.2280731201170,0
2017-04-07,60.507999420166000,128.16012573242200,0
2017-04-10,62.47800064086910,128.20867919921900,0
2017-04-11,61.742000579834000,127.65510559082000,0
2017-04-12,59.36800003051760,127.14041137695300,0
2017-04-13,60.79999923706060,126.63542175293000,0
2017-04-17,60.28799819946290,127.68423461914100,0
2017-04-18,60.04999923706060,127.49000549316400,0
2017-04-19,61.104000091552700,127.69398498535200,0
2017-04-20,60.50199890136720,128.76220703125,0
2017-04-21,61.119998931884800,128.7330780029300,0
2017-04-24,61.60599899291990,130.28689575195300,0
2017-04-25,62.757999420166000,131.2288818359380,0
2017-04-26,62.034000396728500,131.04437255859400,0
2017-04-27,61.72600173950200,131.83099365234400,0
2017-04-28,62.81399917602540,132.06405639648400,0
2017-05-01,64.56600189208980,133.2391357421880,0
2017-05-02,63.77799987792970,133.4624786376950,0
2017-05-03,62.20399856567380,133.03518676757800,1
2017-05-04,59.09199905395510,133.08370971679700,0
2017-05-05,61.66999816894530,133.56927490234400,0
2017-05-08,61.4379997253418,133.86065673828100,0
2017-05-09,64.25199890136720,134.3267822265630,0
2017-05-10,65.04399871826170,134.40447998046900,0
2017-05-11,64.62000274658200,134.29763793945300,0
2017-05-12,64.96199798583980,134.5987091064450,0
2017-05-15,63.17599868774410,135.02598571777300,0
2017-05-16,63.402000427246100,135.5892333984380,0
2017-05-17,61.22200012207030,132.14173889160200,0
2017-05-18,62.61199951171880,133.29739379882800,0
2017-05-19,62.16600036621090,133.86065673828100,0
2017-05-22,62.06999969482420,134.98715209960900,0
2017-05-23,60.77199935913090,135.12307739257800,0
2017-05-24,62.04399871826170,135.74464416503900,0
2017-05-25,63.36600112915040,136.90028381347700,0
2017-05-26,65.02799987792970,137.14303588867200,0
2017-05-30,67.0199966430664,137.25958251953100,0
2017-05-31,68.2020034790039,137.2110595703130,0
2017-06-01,68.0739974975586,137.74514770507800,0
2017-06-02,67.97000122070310,139.31838989257800,0
2017-06-05,69.46399688720700,139.28924560546900,0
2017-06-06,70.56999969482420,138.73574829101600,0
2017-06-07,71.93000030517580,139.27957153320300,0
2017-06-08,74.0,139.4252166748050,0
2017-06-09,71.46399688720700,135.93887329101600,0
2017-06-12,71.802001953125,135.2104949951170,0
2017-06-13,75.19000244140630,136.30789184570300,0
2017-06-14,76.13200378417970,135.7154998779300,0
2017-06-15,75.06800079345700,135.1134033203130,0
2017-06-16,74.27999877929690,134.52716064453100,0
2017-06-19,73.95999908447270,136.776611328125,0
2017-06-20,74.447998046875,135.7054901123050,0
2017-06-21,75.27999877929690,137.04925537109400,0
2017-06-22,76.52200317382810,137.01031494140600,0
2017-06-23,76.69000244140630,137.53616333007800,0
2017-06-26,75.49800109863280,136.89346313476600,0
2017-06-27,72.4739990234375,134.41030883789100,0
2017-06-28,74.24800109863280,136.34815979003900,0
2017-06-29,72.1500015258789,133.98190307617200,0
2017-06-30,72.3219985961914,134.03057861328100,0
2017-07-03,70.52400207519530,132.61859130859400,0
2017-07-05,65.41799926757810,133.9234619140630,0
2017-07-06,61.76599884033200,132.71595764160200,0
2017-07-07,62.64400100708010,134.14743041992200,0
2017-07-10,63.209999084472700,135.02383422851600,0
2017-07-11,65.44400024414060,135.40359497070300,0
2017-07-12,65.90399932861330,137.01031494140600,0
2017-07-13,64.68199920654300,137.31219482421900,0
2017-07-14,65.55599975585940,138.39308166503900,0
2017-07-17,63.91400146484380,138.46124267578100,0
2017-07-18,65.64800262451170,139.38632202148400,0
2017-07-19,65.052001953125,140.20428466796900,0
2017-07-20,65.98400115966800,140.38931274414100,0
2017-07-21,65.68000030517580,140.33090209960900,0
2017-07-24,68.50399780273440,140.97360229492200,0
2017-07-25,67.91999816894530,140.61329650878900,0
2017-07-26,68.7699966430664,141.0709228515630,0
2017-07-27,66.89199829101560,140.184814453125,0
2017-07-28,67.01399993896480,140.06796264648400,0
2017-07-31,64.69400024414060,139.47396850585900,0
2017-08-01,63.91400146484380,139.79530334472700,0
2017-08-02,65.1780014038086,140.17507934570300,1
2017-08-03,69.41799926757810,139.62977600097700,0
2017-08-04,71.38200378417970,139.88296508789100,0
2017-08-07,71.03399658203130,140.76907348632800,0
2017-08-08,73.04399871826170,140.52565002441400,0
2017-08-09,72.70600128173830,140.3406524658200,0
2017-08-10,71.08000183105470,137.33168029785200,0
2017-08-11,71.5739974975586,138.3735809326170,0
2017-08-14,72.76000213623050,140.15560913085900,0
2017-08-15,72.46600341796880,140.25296020507800,0
2017-08-16,72.58200073242190,140.4964141845700,0
2017-08-17,70.38400268554690,137.62379455566400,0
2017-08-18,69.49199676513670,137.5264129638670,0
2017-08-21,67.5719985961914,137.3511199951170,0
2017-08-22,68.2699966430664,139.4447784423830,0
2017-08-23,70.55400085449220,138.9481201171880,0
2017-08-24,70.58599853515630,138.53916931152300,0
2017-08-25,69.61000061035160,138.2470245361330,0
2017-08-28,69.13200378417970,138.67547607421900,0
2017-08-29,69.47200012207030,139.22079467773400,0
2017-08-30,70.63600158691410,140.85670471191400,0
2017-08-31,71.18000030517580,142.36610412597700,0
2017-09-01,71.08000183105470,142.17132568359400,0
2017-09-05,69.91799926757810,140.8957061767580,0
2017-09-06,68.90599822998050,141.32415771484400,0
2017-09-07,70.12200164794920,141.6552276611330,0
2017-09-08,68.68000030517580,140.42828369140600,0
2017-09-11,72.73799896240230,142.04473876953100,0
2017-09-12,72.55000305175780,142.3855438232420,0
2017-09-13,73.24600219726560,142.580322265625,0
2017-09-14,75.52799987792970,141.74285888671900,0
2017-09-15,75.96199798583980,142.229736328125,0
2017-09-18,77.0,142.0433807373050,0
2017-09-19,75.0199966430664,142.2873077392580,0
2017-09-20,74.78199768066410,141.84815979003900,0
2017-09-21,73.2959976196289,140.97962951660200,0
2017-09-22,70.21800231933590,140.8429718017580,0
2017-09-25,68.99800109863280,139.35963439941400,0
2017-09-26,69.05000305175780,139.720703125,0
2017-09-27,68.19400024414060,140.97962951660200,0
2017-09-28,67.91999816894530,140.93084716796900,0
2017-09-29,68.22000122070310,141.94573974609400,0
2017-10-02,68.30599975585940,142.0726318359380,0
2017-10-03,69.62799835205080,142.37518310546900,0
2017-10-04,71.00199890136720,142.51177978515600,0
2017-10-05,71.06600189208980,143.90736389160200,0
2017-10-06,71.3759994506836,144.10252380371100,0
2017-10-09,68.58799743652340,143.93661499023400,0
2017-10-10,71.11799621582030,144.04397583007800,0
2017-10-11,70.91999816894530,144.47335815429700,0
2017-10-12,71.13600158691410,144.2098846435550,0
2017-10-13,71.11399841308590,144.76614379882800,0
2017-10-16,70.12000274658200,145.26382446289100,0
2017-10-17,71.1500015258789,145.4492950439450,0
2017-10-18,71.93000030517580,145.27359008789100,0
2017-10-19,70.36199951171880,144.7368621826170,0
2017-10-20,69.0199966430664,145.12725830078100,0
2017-10-23,67.40399932861330,144.18060302734400,0
2017-10-24,67.46800231933590,144.424560546875,0
2017-10-25,65.16799926757810,143.8780517578130,0
2017-10-26,65.23400115966800,143.4193878173830,0
2017-10-27,64.17400360107420,147.59625244140600,0
2017-10-30,64.01599884033200,147.92811584472700,0
2017-10-31,66.30599975585940,148.48434448242200,0
2017-11-01,64.21600341796880,148.43556213378900,1
2017-11-02,59.85200119018560,148.1525421142580,0
2017-11-03,61.21799850463870,149.57737731933600,0
2017-11-06,60.555999755859400,150.0848388671880,0
2017-11-07,61.209999084472700,150.1726837158200,0
2017-11-08,60.87799835205080,150.77774047851600,0
2017-11-09,60.597999572753900,149.9872589111330,0
2017-11-10,60.597999572753900,149.9774627685550,0
2017-11-13,63.08000183105470,150.1628875732420,0
2017-11-14,61.7400016784668,149.6164093017580,0
2017-11-15,62.2599983215332,148.91375732421900,0
2017-11-16,62.5,150.8167724609380,0
2017-11-17,63.0099983215332,150.240966796875,0
2017-11-20,61.74800109863280,150.12387084960900,0
2017-11-21,63.5620002746582,151.75364685058600,0
2017-11-22,62.52000045776370,151.93907165527300,0
2017-11-24,63.11000061035160,152.49533081054700,0
2017-11-27,63.36199951171880,152.42701721191400,0
2017-11-28,63.5099983215332,152.81736755371100,0
2017-11-29,61.507999420166000,150.1531524658200,0
2017-11-30,61.77000045776370,151.4120635986330,0
2017-12-01,61.305999755859400,150.76797485351600,0
2017-12-04,61.040000915527300,149.03086853027300,0
2017-12-05,60.7400016784668,149.12847900390600,0
2017-12-06,62.652000427246100,149.80181884765600,0
2017-12-07,62.24800109863280,150.309326171875,0
2017-12-08,63.0260009765625,150.97291564941400,0
2017-12-11,65.78199768066410,152.1439971923830,0
2017-12-12,68.20600128173830,151.93907165527300,0
2017-12-13,67.80599975585940,152.2318572998050,0
2017-12-14,67.5780029296875,152.12449645996100,0
2017-12-15,68.69000244140630,153.85182189941400,0
2017-12-18,67.77400207519530,155.14173889160200,0
2017-12-19,66.22000122070310,154.22247314453100,0
2017-12-20,65.7959976196289,154.05624389648400,0
2017-12-21,66.33200073242190,154.0758056640630,0
2017-12-22,65.04000091552730,153.89974975585900,0
2017-12-26,63.45800018310550,153.0685272216800,0
2017-12-27,62.327999114990200,153.08807373046900,0
2017-12-28,63.071998596191400,153.27386474609400,0
2017-12-29,62.27000045776370,152.32528686523400,0
2018-01-02,64.10600280761720,154.9950714111330,0
2018-01-03,63.45000076293950,156.50111389160200,0
2018-01-04,62.92399978637700,156.77493286132800,0
2018-01-05,63.316001892089800,158.3494110107420,0
2018-01-08,67.28199768066410,158.96554565429700,0
2018-01-09,66.73799896240230,158.97531127929700,0
2018-01-10,66.95999908447270,158.60366821289100,0
2018-01-11,67.58999633789060,159.68922424316400,0
2018-01-12,67.24400329589840,160.8627471923830,0
2018-01-16,68.01200103759770,160.40313720703100,0
2018-01-17,69.43199920654300,162.13406372070300,0
2018-01-18,68.91400146484380,162.16343688964800,0
2018-01-19,70.00399780273440,162.6719512939450,0
2018-01-22,70.31199645996090,164.4127197265630,0
2018-01-23,70.55799865722660,165.7720489501950,0
2018-01-24,69.1780014038086,164.69631958007800,0
2018-01-25,67.52799987792970,164.63766479492200,0
2018-01-26,68.56999969482420,167.1607208251950,0
2018-01-29,69.90599822998050,166.3490753173830,0
2018-01-30,69.16400146484380,164.9799041748050,0
2018-01-31,70.86199951171880,165.6644744873050,0
2018-02-01,69.8499984741211,164.25625610351600,0
2018-02-02,68.75,160.9801025390630,0
2018-02-05,66.6259994506836,154.63320922851600,0
2018-02-06,66.79399871826170,158.73080444335900,0
2018-02-07,69.0,156.67713928222700,1
2018-02-08,63.04600143432620,150.06619262695300,0
2018-02-09,62.08399963378910,152.6577606201170,0
2018-02-12,63.145999908447300,155.3666534423830,0
2018-02-13,64.73200225830080,156.16859436035200,0
2018-02-14,64.46199798583980,159.0926513671880,0
2018-02-15,66.81400299072270,162.0460662841800,0
2018-02-16,67.0979995727539,161.32240295410200,0
2018-02-20,66.9540023803711,161.64512634277300,0
2018-02-21,66.66000366210940,161.18548583984400,0
2018-02-22,69.23400115966800,161.1659393310550,0
2018-02-23,70.41000366210940,164.4615936279300,0
2018-02-26,71.48400115966800,166.64242553710900,0
2018-02-27,70.197998046875,164.57896423339800,0
2018-02-28,68.61199951171880,163.52279663085900,0
2018-03-01,66.18599700927730,160.8529815673830,0
2018-03-02,67.02400207519530,162.32968139648400,0
2018-03-05,66.66999816894530,164.1291046142580,0
2018-03-06,65.63999938964840,164.82345581054700,0
2018-03-07,66.45999908447270,165.20481872558600,0
2018-03-08,65.81999969482420,166.11434936523400,0
2018-03-09,65.43399810791020,169.341552734375,0
2018-03-12,69.10199737548830,170.24127197265600,0
2018-03-13,68.36799621582030,167.92356872558600,0
2018-03-14,65.32599639892580,167.89418029785200,0
2018-03-15,65.12000274658200,167.7475128173830,0
2018-03-16,64.2699966430664,167.24874877929700,0
2018-03-19,62.71200180053710,163.6802978515630,0
2018-03-20,62.11000061035160,164.21905517578100,0
2018-03-21,63.305999755859400,163.50399780273400,0
2018-03-22,61.81999969482420,159.4683074951170,0
2018-03-23,60.30799865722660,155.2660675048830,0
2018-03-26,60.83599853515630,161.03553771972700,0
2018-03-27,55.83599853515630,155.82444763183600,0
2018-03-28,51.555999755859400,154.0319061279300,0
2018-03-29,53.22600173950200,156.8529510498050,0
2018-04-02,50.49599838256840,152.32748413085900,0
2018-04-03,53.50600051879880,154.0416717529300,0
2018-04-04,57.38800048828130,156.47093200683600,0
2018-04-05,61.14400100708010,157.3623046875,0
2018-04-06,59.86000061035160,153.42457580566400,0
2018-04-09,57.93199920654300,154.5020294189450,0
2018-04-10,60.939998626709000,157.9108428955080,0
2018-04-11,60.18600082397460,156.9998779296880,0
2018-04-12,58.816001892089800,158.89036560058600,0
2018-04-13,60.06800079345700,158.06756591796900,0
2018-04-16,58.242000579834000,159.2724151611330,0
2018-04-17,57.53799819946290,162.70079040527300,0
2018-04-18,58.66999816894530,163.03379821777300,0
2018-04-19,60.01599884033200,161.53512573242200,0
2018-04-20,58.04800033569340,158.9785614013670,0
2018-04-23,56.67399978637700,158.57691955566400,0
2018-04-24,56.69200134277340,155.21713256835900,0
2018-04-25,56.13800048828130,155.40322875976600,0
2018-04-26,57.09600067138670,158.6748809814450,0
2018-04-27,58.816001892089800,158.7728271484380,0
2018-04-30,58.779998779296900,157.64637756347700,0
2018-05-01,59.98400115966800,159.44871520996100,0
2018-05-02,60.22999954223630,158.50839233398400,1
2018-05-03,56.88999938964840,158.48876953125,0
2018-05-04,58.81800079345700,161.49594116210900,0
2018-05-07,60.55400085449220,162.83790588378900,0
2018-05-08,60.39400100708010,162.67138671875,0
2018-05-09,61.369998931884800,164.44435119628900,0
2018-05-10,61.00400161743160,166.14874267578100,0
2018-05-11,60.21200180053710,165.9920196533200,0
2018-05-14,58.39400100708010,166.276123046875,0
2018-05-15,56.83599853515630,164.43453979492200,0
2018-05-16,57.29600143432620,165.52182006835900,0
2018-05-17,56.90800094604490,164.8851318359380,0
2018-05-18,55.36399841308590,164.032958984375,0
2018-05-21,56.89799880981450,164.95372009277300,0
2018-05-22,55.00199890136720,164.7382049560550,0
2018-05-23,55.81399917602540,166.129150390625,0
2018-05-24,55.56999969482420,166.08016967773400,0
2018-05-25,55.77000045776370,166.24667358398400,0
2018-05-29,56.75199890136720,165.51205444335900,0
2018-05-30,58.34400177001950,166.69728088378900,0
2018-05-31,56.94599914550780,166.5895233154300,0
2018-06-01,58.36399841308590,169.20489501953100,0
2018-06-04,59.347999572753900,170.73297119140600,0
2018-06-05,58.22600173950200,171.26193237304700,0
2018-06-06,63.900001525878900,172.2610321044920,0
2018-06-07,63.21799850463870,170.8603057861330,0
2018-06-08,63.53200149536130,170.87008666992200,0
2018-06-11,66.41999816894530,171.33050537109400,0
2018-06-12,68.55400085449220,172.23165893554700,0
2018-06-13,68.95600128173830,172.22186279296900,0
2018-06-14,71.54399871826170,173.96546936035200,0
2018-06-15,71.63400268554690,173.35812377929700,0
2018-06-18,74.16600036621090,173.2579803466800,0
2018-06-19,70.51000213623050,172.7671661376950,0
2018-06-20,72.44400024414060,173.99420166015600,0
2018-06-21,69.50199890136720,172.4824981689450,0
2018-06-22,66.72599792480470,172.0996856689450,0
2018-06-25,66.60199737548830,168.2222137451170,0
2018-06-26,68.4000015258789,168.90936279296900,0
2018-06-27,68.9000015258789,166.6123504638670,0
2018-06-28,69.98600006103520,168.04551696777300,0
2018-06-29,68.58999633789060,168.4970703125,0
2018-07-02,67.01399993896480,169.62594604492200,0
2018-07-03,62.172000885009800,167.66268920898400,0
2018-07-05,61.832000732421900,169.74375915527300,0
2018-07-06,61.779998779296900,172.38433837890600,0
2018-07-09,63.70199966430660,173.93528747558600,0
2018-07-10,64.49400329589840,174.06292724609400,0
2018-07-11,63.79199981689450,173.17947387695300,0
2018-07-12,63.34199905395510,176.1636199951170,0
2018-07-13,63.77399826049810,176.3108673095700,0
2018-07-16,62.02000045776370,175.8887481689450,0
2018-07-17,64.53800201416020,176.95872497558600,0
2018-07-18,64.7699966430664,176.62498474121100,0
2018-07-19,64.0459976196289,175.7415313720700,0
2018-07-20,62.715999603271500,175.70223999023400,0
2018-07-23,60.63999938964840,176.2617645263670,0
2018-07-24,59.486000061035200,176.98818969726600,0
2018-07-25,61.74800109863280,179.46188354492200,0
2018-07-26,61.33000183105470,176.74278259277300,0
2018-07-27,59.43600082397460,174.35740661621100,0
2018-07-30,58.034000396728500,171.89353942871100,0
2018-07-31,59.62799835205080,173.20889282226600,0
2018-08-01,60.167999267578100,173.8665771484380,1
2018-08-02,69.90799713134770,176.23231506347700,0
2018-08-03,69.63400268554690,176.77223205566400,0
2018-08-06,68.39800262451170,177.81275939941400,0
2018-08-07,75.91400146484380,178.4606170654300,0
2018-08-08,74.06800079345700,178.6765899658200,0
2018-08-09,70.48999786376950,178.568603515625,0
2018-08-10,71.0979995727539,177.2041778564450,0
2018-08-13,71.28199768066410,177.0078125,0
2018-08-14,69.52799987792970,178.11708068847700,0
2018-08-15,67.73799896240230,175.93783569335900,0
2018-08-16,67.08999633789060,176.5170135498050,0
2018-08-17,61.099998474121100,176.55625915527300,0
2018-08-20,61.6879997253418,176.3992156982420,0
2018-08-21,64.37999725341800,177.04710388183600,0
2018-08-22,64.3280029296875,177.7342071533200,0
2018-08-23,64.0199966430664,177.47900390625,0
2018-08-24,64.56400299072270,179.12814331054700,0
2018-08-27,63.854000091552700,180.9539794921880,0
2018-08-28,62.37200164794920,181.21900939941400,0
2018-08-29,61.00199890136720,183.30987548828100,0
2018-08-30,60.630001068115200,182.98597717285200,0
2018-08-31,60.332000732421900,183.22154235839800,0
2018-09-04,57.790000915527300,182.43626403808600,0
2018-09-05,56.14799880981450,180.080322265625,0
2018-09-06,56.189998626709000,178.470458984375,0
2018-09-07,52.64799880981450,177.78329467773400,0
2018-09-10,57.099998474121100,178.38211059570300,0
2018-09-11,55.88800048828130,179.75640869140600,0
2018-09-12,58.108001708984400,179.22630310058600,0
2018-09-13,57.891998291015600,181.14048767089800,0
2018-09-14,59.040000915527300,180.61041259765600,0
2018-09-17,58.96799850463870,178.00906372070300,0
2018-09-18,56.992000579834000,179.48155212402300,0
2018-09-19,59.80400085449220,179.34410095214800,0
2018-09-20,59.66600036621090,181.32699584960900,0
2018-09-21,59.81999969482420,180.33555603027300,0
2018-09-24,59.93600082397460,180.83706665039100,0
2018-09-25,60.198001861572300,181.08291625976600,0
2018-09-26,61.91600036621090,181.21078491210900,0
2018-09-27,61.50400161743160,182.744873046875,0
2018-09-28,52.95399856567380,182.7055206298830,0
2018-10-01,62.13999938964840,183.0792236328130,0
2018-10-02,60.20399856567380,182.6662139892580,0
2018-10-03,58.959999084472700,182.86288452148400,0
2018-10-04,56.36600112915040,179.35214233398400,0
2018-10-05,52.38999938964840,177.1591796875,0
2018-10-08,50.11199951171880,176.0774383544920,0
2018-10-09,52.560001373291000,176.64781188964800,0
2018-10-10,51.375999450683600,168.8789520263670,0
2018-10-11,50.44599914550780,166.78433227539100,0
2018-10-12,51.75600051879880,171.4259796142580,0
2018-10-15,51.917999267578100,169.35101318359400,0
2018-10-16,55.31800079345700,174.27783203125,0
2018-10-17,54.35599899291990,174.34664916992200,0
2018-10-18,52.78200149536130,170.3048858642580,0
2018-10-19,52.0,170.1475372314450,0
2018-10-22,52.189998626709000,171.02276611328100,0
2018-10-23,58.827999114990200,170.39340209960900,0
2018-10-24,57.70000076293950,162.59503173828100,1
2018-10-25,62.97200012207030,168.22007751464800,0
2018-10-26,66.18000030517580,163.8931427001950,0
2018-10-29,66.97000122070310,160.5200653076170,0
2018-10-30,65.9800033569336,163.1654052734380,0
2018-10-31,67.46399688720700,167.0006866455080,0
2018-11-01,68.85600280761720,169.20347595214800,0
2018-11-02,69.28199768066410,166.5679931640630,0
2018-11-05,68.27999877929690,166.15496826171900,0
2018-11-06,68.21199798583980,167.4136962890630,0
2018-11-07,69.63200378417970,172.66505432128900,0
2018-11-08,70.27999877929690,171.5636444091800,0
2018-11-09,70.10199737548830,168.67245483398400,0
2018-11-12,66.25599670410160,163.56861877441400,0
2018-11-13,67.74600219726560,163.70628356933600,0
2018-11-14,68.80000305175780,162.4573516845700,0
2018-11-15,69.68800354003910,165.29937744140600,0
2018-11-16,70.86199951171880,164.7191925048830,0
2018-11-19,70.69400024414060,159.36949157714800,0
2018-11-20,69.49800109863280,156.51763916015600,0
2018-11-21,67.63800048828130,157.70755004882800,0
2018-11-23,65.16600036621090,156.5668182373050,0
2018-11-26,69.19999694824220,160.18572998046900,0
2018-11-27,68.78399658203130,160.7266082763670,0
2018-11-28,69.5739974975586,165.8992462158200,0
2018-11-29,68.23400115966800,165.3583984375,0
2018-11-30,70.09600067138670,166.55813598632800,0
2018-12-03,71.697998046875,169.46902465820300,0
2018-12-04,71.94000244140630,162.96875,0
2018-12-06,72.61199951171880,164.11929321289100,0
2018-12-07,71.59400177001950,158.7008056640630,0
2018-12-10,73.02999877929690,160.36273193359400,0
2018-12-11,73.35199737548830,160.89378356933600,0
2018-12-12,73.31999969482420,162.3098602294920,0
2018-12-13,75.35800170898440,162.35903930664100,0
2018-12-14,73.14199829101560,158.40577697753900,0
2018-12-17,69.68399810791020,154.81637573242200,0
2018-12-18,67.40599822998050,155.7899169921880,0
2018-12-19,66.59400177001950,151.96450805664100,0
2018-12-20,63.07600021362310,149.76168823242200,0
2018-12-21,63.95399856567380,145.12008666992200,0
2018-12-24,59.077999114990200,141.5213623046880,0
2018-12-26,65.21800231933590,150.35784912109400,0
2018-12-27,63.22600173950200,150.939697265625,0
2018-12-28,66.77400207519530,150.86080932617200,0
2018-12-31,66.55999755859380,152.13299560546900,0
2019-01-02,62.02399826049810,152.7444610595700,0
2019-01-03,60.071998596191400,147.75425720214800,0
2019-01-04,63.53799819946290,154.0758514404300,0
2019-01-07,66.99199676513670,155.9102020263670,0
2019-01-08,67.06999969482420,157.32049560546900,0
2019-01-09,67.70600128173830,158.6025848388670,0
2019-01-10,68.99400329589840,159.05621337890600,0
2019-01-11,69.4520034790039,158.47433471679700,0
2019-01-14,66.87999725341800,157.07394409179700,0
2019-01-15,68.88600158691410,160.14105224609400,0
2019-01-16,69.20999908447270,160.11146545410200,0
2019-01-17,69.46199798583980,161.37380981445300,0
2019-01-18,60.45199966430660,162.97146606445300,0
2019-01-22,59.784000396728500,159.70712280273400,0
2019-01-23,57.518001556396500,159.91419982910200,0
2019-01-24,58.301998138427700,160.94973754882800,0
2019-01-25,59.40800094604490,162.8728485107420,0
2019-01-28,59.2760009765625,160.86097717285200,0
2019-01-29,59.492000579834000,159.3422088623050,0
2019-01-30,61.75400161743160,163.39553833007800,1
2019-01-31,61.40399932861330,165.84136962890600,0
2019-02-01,62.44200134277340,165.14112854003900,0
2019-02-04,62.577999114990200,167.19247436523400,0
2019-02-05,64.2699966430664,168.67176818847700,0
2019-02-06,63.444000244140600,168.16880798339800,0
2019-02-07,61.50199890136720,165.91036987304700,0
2019-02-08,61.15999984741210,166.23582458496100,0
2019-02-11,62.56800079345700,166.07803344726600,0
2019-02-12,62.36199951171880,168.53372192382800,0
2019-02-13,61.63399887084960,168.6520538330080,0
2019-02-14,60.75400161743160,168.85914611816400,0
2019-02-15,61.57600021362310,169.56922912597700,0
2019-02-19,61.12799835205080,169.90455627441400,0
2019-02-20,60.512001037597700,169.8749542236330,0
2019-02-21,58.24599838256840,169.25363159179700,0
2019-02-22,58.94200134277340,170.50613403320300,0
2019-02-25,59.75400161743160,171.12744140625,0
2019-02-26,59.571998596191400,171.30494689941400,0
2019-02-27,62.948001861572300,171.1964874267580,0
2019-02-28,63.97600173950200,170.802001953125,0
2019-03-01,58.95800018310550,171.98544311523400,0
2019-03-04,57.071998596191400,172.01502990722700,0
2019-03-05,55.30799865722660,172.14324951171900,0
2019-03-06,55.24800109863280,171.1669158935550,0
2019-03-07,55.31800079345700,169.06625366210900,0
2019-03-08,56.827999114990200,168.8098602294920,0
2019-03-11,58.183998107910200,172.32078552246100,0
2019-03-12,56.672000885009800,173.2675323486330,0
2019-03-13,57.79199981689450,174.5693359375,0
2019-03-14,57.992000579834000,174.27346801757800,0
2019-03-15,55.08599853515630,175.89083862304700,0
2019-03-18,53.89799880981450,176.3097686767580,0
2019-03-19,53.49399948120120,176.90257263183600,0
2019-03-20,54.720001220703100,177.6040496826170,0
2019-03-21,54.80400085449220,180.38035583496100,0
2019-03-22,52.90599822998050,176.41842651367200,0
2019-03-25,52.08399963378910,176.08251953125,0
2019-03-26,53.55400085449220,176.90257263183600,0
2019-03-27,54.965999603271500,175.76634216308600,0
2019-03-28,55.7239990234375,176.1714324951170,0
2019-03-29,55.97200012207030,177.5052490234380,0
2019-04-01,57.83599853515630,179.85670471191400,0
2019-04-02,57.17599868774410,180.53843688964800,0
2019-04-03,58.36199951171880,181.57583618164100,0
2019-04-04,53.555999755859400,181.50668334960900,0
2019-04-05,54.992000579834000,182.44528198242200,0
2019-04-08,54.63999938964840,182.90966796875,0
2019-04-09,54.46200180053710,182.2674102783200,0
2019-04-10,55.21200180053710,183.2455596923830,0
2019-04-11,53.683998107910200,182.8108367919920,0
2019-04-12,53.540000915527300,183.6012420654300,0
2019-04-15,53.2760009765625,183.63088989257800,0
2019-04-16,54.672000885009800,184.26321411132800,0
2019-04-17,54.24599838256840,184.90541076660200,0
2019-04-18,54.652000427246100,185.14254760742200,0
2019-04-22,52.54999923706060,185.66616821289100,0
2019-04-23,52.779998779296900,188.02752685546900,0
2019-04-24,51.731998443603500,187.4347381591800,1
2019-04-25,49.5260009765625,188.1954803466800,0
2019-04-26,47.02799987792970,188.36341857910200,0
2019-04-29,48.29399871826170,188.72900390625,0
2019-04-30,47.737998962402300,187.26675415039100,0
2019-05-01,46.801998138427700,186.66404724121100,0
2019-05-02,48.81999969482420,185.85391235351600,0
2019-05-03,51.00600051879880,188.81793212890600,0
2019-05-06,51.06800079345700,187.6619415283200,0
2019-05-07,49.4119987487793,184.00634765625,0
2019-05-08,48.96799850463870,183.54196166992200,0
2019-05-09,48.395999908447300,182.553955078125,0
2019-05-10,47.90399932861330,182.7812042236330,0
2019-05-13,45.402000427246100,176.4381866455080,0
2019-05-14,46.46200180053710,178.37469482421900,0
2019-05-15,46.38999938964840,180.89410400390600,0
2019-05-16,45.66600036621090,182.71202087402300,0
2019-05-17,42.20600128173830,180.84469604492200,0
2019-05-20,41.071998596191400,177.79176330566400,0
2019-05-21,41.01599884033200,179.64920043945300,0
2019-05-22,38.54600143432620,178.84893798828100,0
2019-05-23,39.097999572753900,176.11216735839800,0
2019-05-24,38.125999450683600,176.0232391357420,0
2019-05-28,37.7400016784668,175.3612823486330,0
2019-05-29,37.97200012207030,173.9187774658200,0
2019-05-30,37.64400100708010,174.64990234375,0
2019-05-31,37.03200149536130,171.8637237548830,0
2019-06-03,35.79399871826170,168.07968139648400,0
2019-06-04,38.720001220703100,172.81222534179700,0
2019-06-05,39.31800079345700,174.0966339111330,0
2019-06-06,41.189998626709000,175.47982788085900,0
2019-06-07,40.900001525878900,178.86868286132800,0
2019-06-10,42.57600021362310,180.953369140625,0
2019-06-11,43.41999816894530,181.2003936767580,0
2019-06-12,41.85200119018560,180.15309143066400,0
2019-06-13,42.78200149536130,181.2201690673830,0
2019-06-14,42.98400115966800,180.4495086669920,0
2019-06-17,45.00600051879880,181.5363311767580,0
2019-06-18,44.948001861572300,184.17428588867200,0
2019-06-19,45.2859992980957,184.86590576171900,0
2019-06-20,43.92399978637700,186.5850372314450,0
2019-06-21,44.37200164794920,186.30838012695300,0
2019-06-24,44.72800064086910,186.3143310546880,0
2019-06-25,43.95199966430660,183.1160125732420,0
2019-06-26,43.854000091552700,183.9675750732420,0
2019-06-27,44.56800079345700,184.6706085205080,0
2019-06-28,44.69200134277340,184.90826416015600,0
2019-07-01,45.433998107910200,187.40353393554700,0
2019-07-02,44.90999984741210,188.1461639404300,0
2019-07-03,46.97999954223630,189.56216430664100,0
2019-07-05,46.619998931884800,189.1759796142580,0
2019-07-08,46.06800079345700,187.84915161132800,0
2019-07-09,46.012001037597700,188.78982543945300,0
2019-07-10,47.784000396728500,190.67117309570300,0
2019-07-11,47.720001220703100,190.53253173828100,0
2019-07-12,49.01599884033200,191.63165283203100,0
2019-07-15,50.70000076293950,192.24557495117200,0
2019-07-16,50.47600173950200,191.25537109375,0
2019-07-17,50.97200012207030,190.314697265625,0
2019-07-18,50.70800018310550,190.53253173828100,0
2019-07-19,51.63600158691410,189.13636779785200,0
2019-07-22,51.13600158691410,190.64144897460900,0
2019-07-23,52.034000396728500,191.8891143798830,0
2019-07-24,52.97600173950200,193.2357635498050,1
2019-07-25,45.763999938964800,191.4038848876950,0
2019-07-26,45.608001708984400,193.37437438964800,0
2019-07-29,47.15399932861330,192.71095275878900,0
2019-07-30,48.45199966430660,191.87921142578100,0
2019-07-31,48.321998596191400,189.2255096435550,0
2019-08-01,46.77000045776370,188.28482055664100,0
2019-08-02,46.86800003051760,185.5122528076170,0
2019-08-05,45.66400146484380,178.9571990966800,0
2019-08-06,46.150001525878900,181.46238708496100,0
2019-08-07,46.683998107910200,182.44268798828100,0
2019-08-08,47.65999984741210,186.41334533691400,0
2019-08-09,47.00199890136720,184.6607208251950,0
2019-08-12,45.801998138427700,182.5417022705080,0
2019-08-13,47.0,186.5420684814450,0
2019-08-14,43.92399978637700,180.96730041503900,0
2019-08-15,43.12799835205080,180.75933837890600,0
2019-08-16,43.987998962402300,183.66061401367200,0
2019-08-19,45.36600112915040,186.5816650390630,0
2019-08-20,45.172000885009800,185.13600158691400,0
2019-08-21,44.16600036621090,186.77972412109400,0
2019-08-22,44.43000030517580,186.1757049560550,0
2019-08-23,42.279998779296900,180.28407287597700,0
2019-08-26,43.0,183.00709533691400,0
2019-08-27,42.816001892089800,182.6208953857420,0
2019-08-28,43.11800003051760,183.27442932128900,0
2019-08-29,44.34199905395510,186.07666015625,0
2019-08-30,45.12200164794920,185.631103515625,0
2019-09-03,45.00199890136720,183.8289337158200,0
2019-09-04,44.13600158691410,186.482666015625,0
2019-09-05,45.91600036621090,189.89881896972700,0
2019-09-06,45.4900016784668,189.71067810058600,0
2019-09-09,46.358001708984400,189.31460571289100,0
2019-09-10,47.108001708984400,188.77000427246100,0
2019-09-11,49.41999816894530,190.5424346923830,0
2019-09-12,49.17399978637700,191.33457946777300,0
2019-09-13,49.040000915527300,190.6513671875,0
2019-09-16,48.5620002746582,189.7998046875,0
2019-09-17,48.95800018310550,190.7107696533200,0
2019-09-18,48.698001861572300,190.63156127929700,0
2019-09-19,49.31999969482420,190.94842529296900,0
2019-09-20,48.124000549316400,188.92843627929700,0
2019-09-23,48.24599838256840,189.01177978515600,0
2019-09-24,44.641998291015600,186.5015411376950,0
2019-09-25,45.7400016784668,188.59506225585900,0
2019-09-26,48.512001037597700,187.9005126953130,0
2019-09-27,48.42599868774410,185.56887817382800,0
2019-09-30,48.17399978637700,187.33497619628900,0
2019-10-01,48.9379997253418,185.80699157714800,0
2019-10-02,48.625999450683600,182.61215209960900,0
2019-10-03,46.60599899291990,184.6163787841800,0
2019-10-04,46.2859992980957,187.33497619628900,0
2019-10-07,47.54399871826170,186.76942443847700,0
2019-10-08,48.0099983215332,183.97145080566400,0
2019-10-09,48.90599822998050,185.76731872558600,0
2019-10-10,48.948001861572300,187.2059783935550,0
2019-10-11,49.577999114990200,189.6170196533200,0
2019-10-14,51.391998291015600,189.59716796875,0
2019-10-15,51.577999114990200,192.00816345214800,0
2019-10-16,51.95000076293950,191.53192138671900,0
2019-10-17,52.39400100708010,192.03794860839800,0
2019-10-18,51.38999938964840,190.19248962402300,0
2019-10-21,50.70000076293950,191.8791961669920,0
2019-10-22,51.11600112915040,190.35121154785200,0
2019-10-23,50.93600082397460,190.71832275390600,1
2019-10-24,59.93600082397460,192.57371520996100,0
2019-10-25,65.6259994506836,194.11160278320300,0
2019-10-28,65.54199981689450,196.02655029296900,0
2019-10-29,63.24399948120120,194.50848388671900,0
2019-10-30,63.00199890136720,195.45108032226600,0
2019-10-31,62.98400115966800,195.5403594970700,0
2019-11-01,62.6619987487793,197.31639099121100,0
2019-11-04,63.49399948120120,198.53677368164100,0
2019-11-05,63.444000244140600,198.64590454101600,0
2019-11-06,65.31600189208980,198.1994171142580,0
2019-11-07,67.10800170898440,198.8641815185550,0
2019-11-08,67.4280014038086,199.65794372558600,0
2019-11-11,69.01799774169920,199.3900604248050,0
2019-11-12,69.98600006103520,199.96551513671900,0
2019-11-13,69.22200012207030,200.01512145996100,0
2019-11-14,69.87000274658200,199.8563690185550,0
2019-11-15,70.43399810791020,201.3248291015630,0
2019-11-18,69.99800109863280,201.48358154296900,0
2019-11-19,71.90399932861330,201.78121948242200,0
2019-11-20,70.44400024414060,200.57073974609400,0
2019-11-21,70.96600341796880,200.12428283691400,0
2019-11-22,66.60800170898440,200.25326538085900,0
2019-11-25,67.26799774169920,202.6245880126950,0
2019-11-26,65.78399658203130,203.0115509033200,0
2019-11-27,66.25800323486330,204.43035888671900,0
2019-11-29,65.98799896240230,203.49771118164100,0
2019-12-02,66.9739990234375,201.4141082763670,0
2019-12-03,67.23999786376950,199.8365478515630,0
2019-12-04,66.60600280761720,200.84857177734400,0
2019-12-05,66.0739974975586,201.2454376220700,0
2019-12-06,67.1780014038086,203.3984832763670,0
2019-12-09,67.90599822998050,202.47576904296900,0
2019-12-10,69.76799774169920,202.3070831298830,0
2019-12-11,70.54000091552730,203.37864685058600,0
2019-12-12,71.93599700927730,204.8966827392580,0
2019-12-13,71.6780014038086,205.57138061523400,0
2019-12-16,76.30000305175780,207.6351318359380,0
2019-12-17,75.7979965209961,207.7541961669920,0
2019-12-18,78.62999725341800,207.9129638671880,0
2019-12-19,80.80799865722660,209.2127227783200,0
2019-12-20,81.11799621582030,210.05609130859400,0
2019-12-23,83.84400177001950,210.61090087890600,0
2019-12-24,85.05000305175780,210.7202911376950,0
2019-12-26,86.18800354003910,212.57969665527300,0
2019-12-27,86.07599639892580,212.40072631835900,0
2019-12-30,82.94000244140630,211.00865173339800,0
2019-12-31,83.66600036621090,211.40638732910200,0
2020-01-02,86.052001953125,214.93629455566400,0
2020-01-03,88.60199737548830,212.96749877929700,0
2020-01-06,90.30799865722660,214.33969116210900,0
2020-01-07,93.81199645996090,214.30984497070300,0
2020-01-08,98.4280014038086,215.92066955566400,0
2020-01-09,96.26799774169920,217.7502899169920,0
2020-01-10,95.62999725341800,217.1934356689450,0
2020-01-13,104.97200012207000,219.69918823242200,0
2020-01-14,107.58399963378900,218.8341064453130,0
2020-01-15,103.69999694824200,218.923583984375,0
2020-01-16,102.697998046875,221.02163696289100,0
2020-01-17,102.0999984741210,222.11541748046900,0
2020-01-21,109.44000244140600,222.0159912109380,0
2020-01-22,113.91200256347700,222.60263061523400,0
2020-01-23,114.44000244140600,223.31857299804700,0
2020-01-24,112.96399688720700,221.43927001953100,0
2020-01-27,111.60399627685500,216.86532592773400,0
2020-01-28,113.37999725341800,220.1963348388670,0
2020-01-29,116.197998046875,220.55430603027300,1
2020-01-30,128.16200256347700,221.33984375,0
2020-01-31,130.11399841308600,217.829833984375,0
2020-02-03,156.0,221.12107849121100,0
2020-02-04,177.41200256347700,226.18226623535200,0
2020-02-05,146.94000244140600,226.9280242919920,0
2020-02-06,149.79200744628900,228.88687133789100,0
2020-02-07,149.61399841308600,227.9024658203130,0
2020-02-10,154.25599670410200,230.6567840576170,0
2020-02-11,154.87600708007800,230.69654846191400,0
2020-02-12,153.45799255371100,232.9437713623050,0
2020-02-13,160.8000030517580,232.6454620361330,0
2020-02-14,160.00599670410200,233.31167602539100,0
2020-02-18,171.67999267578100,233.40115356445300,0
2020-02-19,183.48399353027300,235.638427734375,0
2020-02-20,179.8820037841800,233.45086669921900,0
2020-02-21,180.1999969482420,228.96640014648400,0
2020-02-24,166.75799560546900,220.13668823242200,0
2020-02-25,159.98199462890600,214.1507568359380,0
2020-02-26,155.75999450683600,215.25448608398400,0
2020-02-27,135.8000030517580,204.47584533691400,0
2020-02-28,133.59800720214800,204.63494873046900,0
2020-03-02,148.7239990234380,215.19482421875,0
2020-03-03,149.1020050048830,208.2941131591800,0
2020-03-04,149.89999389648400,216.98463439941400,0
2020-03-05,144.9080047607420,210.3921661376950,0
2020-03-06,140.6959991455080,206.84237670898400,0
2020-03-09,121.5999984741210,192.47418212890600,0
2020-03-10,129.0659942626950,202.9545135498050,0
2020-03-11,126.84600067138700,194.11483764648400,0
2020-03-12,112.11000061035200,176.31617736816400,0
2020-03-13,109.3239974975590,191.2511444091800,0
2020-03-16,89.01399993896480,168.34156799316400,0
2020-03-17,86.04000091552730,181.10887145996100,0
2020-03-18,72.24400329589840,175.60025024414100,0
2020-03-19,85.52799987792970,176.6542510986330,0
2020-03-20,85.50599670410160,169.73365783691400,0
2020-03-23,86.85800170898440,169.85621643066400,0
2020-03-24,101.0,183.0094451904300,0
2020-03-25,107.8499984741210,181.65426635742200,0
2020-03-26,105.63200378418000,191.2202606201170,0
2020-03-27,102.87200164794900,184.64364624023400,0
2020-03-30,100.4260025024410,191.35977172851600,0
2020-03-31,104.80000305175800,189.72557067871100,0
2020-04-01,96.31199645996090,181.6642303466800,0
2020-04-02,90.89399719238280,185.3511199951170,0
2020-04-03,96.00199890136720,182.72047424316400,0
2020-04-06,103.24800109863300,195.78404235839800,0
2020-04-07,109.08999633789100,195.70431518554700,0
2020-04-08,109.76799774169900,199.85955810546900,0
2020-04-09,114.5999984741210,200.14852905273400,0
2020-04-13,130.19000244140600,202.3108367919920,0
2020-04-14,141.97799682617200,211.10955810546900,0
2020-04-15,145.96600341796900,208.6881561279300,0
2020-04-16,149.04200744628900,212.49464416503900,0
2020-04-17,150.7779998779300,214.52740478515600,0
2020-04-20,149.27200317382800,211.9864501953130,0
2020-04-21,137.343994140625,204.1642608642580,0
2020-04-22,146.4219970703130,210.22271728515600,0
2020-04-23,141.12600708007800,209.77430725097700,0
2020-04-24,145.02999877929700,213.08255004882800,0
2020-04-27,159.75,214.7964630126950,0
2020-04-28,153.82400512695300,210.75083923339800,0
2020-04-29,160.1020050048830,218.22425842285200,1
2020-04-30,156.37600708007800,218.1345977783200,0
2020-05-01,140.26400756835900,211.9864501953130,0
2020-05-04,152.23800659179700,214.45767211914100,0
2020-05-05,153.64199829101600,216.88902282714800,0
2020-05-06,156.51600646972700,218.22425842285200,0
2020-05-07,156.00799560546900,221.0343017578130,0
2020-05-08,163.88400268554700,224.0635223388670,0
2020-05-11,162.25799560546900,226.06639099121100,0
2020-05-12,161.8820037841800,221.33322143554700,0
2020-05-13,158.19200134277300,218.5630645751950,0
2020-05-14,160.66600036621100,221.04425048828100,0
2020-05-15,159.83399963378900,222.47915649414100,0
2020-05-18,162.7259979248050,226.6243896484380,0
2020-05-19,161.6020050048830,226.05642700195300,0
2020-05-20,163.11199951171900,230.5703887939450,0
2020-05-21,165.52000427246100,228.05931091308600,0
2020-05-22,163.37600708007800,228.84652709960900,0
2020-05-26,163.7740020751950,228.22869873046900,0
2020-05-27,164.04600524902300,229.47427368164100,0
2020-05-28,161.16200256347700,229.1753387451170,0
2020-05-29,167.0,232.53341674804700,0
2020-06-01,179.6199951171880,233.23092651367200,0
2020-06-02,176.31199645996100,234.7953643798830,0
2020-06-03,176.5919952392580,235.8516082763670,0
2020-06-04,172.87600708007800,234.19749450683600,0
2020-06-05,177.1320037841800,238.8409881591800,0
2020-06-08,189.98399353027300,240.69439697265600,0
2020-06-09,188.13400268554700,242.43820190429700,0
2020-06-10,205.00999450683600,245.3478546142580,0
2020-06-11,194.5679931640630,233.19107055664100,0
2020-06-12,187.05599975585900,235.0444793701170,0
2020-06-15,198.17999267578100,237.90432739257800,0
2020-06-16,196.42599487304700,241.9897918701170,0
2020-06-17,198.35800170898400,242.75704956054700,0
2020-06-18,200.79200744628900,243.4147186279300,0
2020-06-19,200.17999267578100,243.3748779296880,0
2020-06-22,198.86399841308600,246.2935791015630,0
2020-06-23,200.3560028076170,248.3897705078130,0
2020-06-24,192.1699981689450,243.26905822753900,0
2020-06-25,197.1959991455080,245.58485412597700,0
2020-06-26,191.947998046875,239.78536987304700,0
2020-06-29,201.8699951171880,242.40061950683600,0
2020-06-30,215.96200561523400,247.1520233154300,0
2020-07-01,223.92599487304700,250.0367889404300,0
2020-07-02,241.73199462890600,251.7337188720700,0
2020-07-06,274.3160095214840,257.9225158691410,0
2020-07-07,277.97198486328100,256.14569091796900,0
2020-07-08,273.1759948730470,259.51959228515600,0
2020-07-09,278.8559875488280,261.70562744140600,0
2020-07-10,308.92999267578100,263.4924011230470,0
2020-07-13,299.4119873046880,258.0722351074220,0
2020-07-14,303.3599853515630,259.8988952636720,0
2020-07-15,309.2019958496090,260.4279479980470,0
2020-07-16,300.12799072265600,258.65118408203100,0
2020-07-17,300.1679992675780,258.9506530761720,0
2020-07-20,328.6000061035160,266.29730224609400,0
2020-07-21,313.6719970703130,263.5223388671880,0
2020-07-22,318.46600341796900,264.4506530761720,1
2020-07-23,302.614013671875,257.5431823730470,0
2020-07-24,283.3999938964840,255.0976104736330,0
2020-07-27,307.9200134277340,259.64935302734400,0
2020-07-28,295.2980041503910,256.3453369140630,0
2020-07-29,299.8219909667970,259.29998779296900,0
2020-07-30,297.49798583984400,260.65753173828100,0
2020-07-31,286.1520080566410,265.3091125488280,0
2020-08-03,297.0,268.8926086425780,0
2020-08-04,297.3999938964840,269.89080810546900,0
2020-08-05,297.0039978027340,270.5595703125,0
2020-08-06,297.9159851074220,274.1430969238280,0
2020-08-07,290.5419921875,270.97882080078100,0
2020-08-10,283.7139892578130,269.8209228515630,0
2020-08-11,274.87799072265600,264.710205078125,0
2020-08-12,310.9519958496090,271.36810302734400,0
2020-08-13,324.20001220703100,271.98699951171900,0
2020-08-14,330.1419982910160,271.6675720214840,0
2020-08-17,367.12799072265600,274.8218688964840,0
2020-08-18,377.4179992675780,277.4670715332030,0
2020-08-19,375.70599365234400,275.6004638671880,0
2020-08-20,400.3659973144530,279.42352294921900,0
2020-08-21,409.9960021972660,281.3600158691410,0
2020-08-24,402.8399963378910,283.1168212890630,0
2020-08-25,404.6679992675780,285.3427734375,0
2020-08-26,430.6340026855470,291.4317626953130,0
2020-08-27,447.75,290.52337646484400,0
2020-08-28,442.67999267578100,292.000732421875,0
2020-08-31,498.32000732421900,294.3464660644530,0
2020-09-01,475.04998779296900,299.37738037109400,0
2020-09-02,447.3699951171880,302.21221923828100,0
2020-09-03,407.0,286.8899841308590,0
2020-09-04,418.32000732421900,283.06689453125,0
2020-09-08,330.2099914550780,269.4615783691410,0
2020-09-09,366.2799987792970,277.3772277832030,0
2020-09-10,371.3399963378910,271.8472595214840,0
2020-09-11,372.7200012207030,269.960693359375,0
2020-09-14,419.6199951171880,274.66217041015600,0
2020-09-15,449.760009765625,278.5550842285160,0
2020-09-16,441.760009765625,274.1131286621090,0
2020-09-17,423.42999267578100,269.8309326171880,0
2020-09-18,442.1499938964840,266.38714599609400,0
2020-09-21,449.3900146484380,267.0260009765630,0
2020-09-22,424.2300109863280,271.98699951171900,0
2020-09-23,380.3599853515630,263.68206787109400,0
2020-09-24,387.7900085449220,264.90985107421900,0
2020-09-25,407.3399963378910,271.06866455078100,0
2020-09-28,421.20001220703100,276.698486328125,0
2020-09-29,419.07000732421900,275.45074462890600,0
2020-09-30,429.010009765625,277.3373107910160,0
2020-10-01,448.1600036621090,281.73931884765600,0
2020-10-02,415.0899963378910,273.8136901855470,0
2020-10-05,425.67999267578100,279.6531066894530,0
2020-10-06,413.9800109863280,274.66217041015600,0
2020-10-07,425.29998779296900,279.4135437011720,0
2020-10-08,425.9200134277340,280.9008483886720,0
2020-10-09,434.0,285.19305419921900,0
2020-10-12,442.29998779296900,293.9971008300780,0
2020-10-13,446.6499938964840,293.98712158203100,0
2020-10-14,461.29998779296900,291.5315856933590,0
2020-10-15,448.8800048828130,289.57513427734400,0
2020-10-16,439.6700134277340,287.9880065917970,0
2020-10-19,430.8299865722660,283.2864990234380,0
2020-10-20,421.94000244140600,283.8954162597660,0
2020-10-21,422.6400146484380,283.6758117675780,1
2020-10-22,425.7900085449220,283.66583251953100,0
2020-10-23,420.6300048828130,284.2248229980470,0
2020-10-26,420.2799987792970,279.9625549316410,0
2020-10-27,424.67999267578100,282.1485900878910,0
2020-10-28,406.0199890136720,271.1485290527340,0
2020-10-29,410.8299865722660,275.88995361328100,0
2020-10-30,388.0400085449220,268.8926086425780,0
2020-11-02,400.510009765625,269.4915466308590,0
2020-11-03,423.8999938964840,274.153076171875,0
2020-11-04,420.9800109863280,286.3908996582030,0
2020-11-05,438.0899963378910,293.85736083984400,0
2020-11-06,429.95001220703100,294.0769348144530,0
2020-11-09,421.260009765625,288.0678405761720,0
2020-11-10,410.3599853515630,282.9072265625,0
2020-11-11,417.1300048828130,289.2357482910160,0
2020-11-12,411.760009765625,287.8782043457030,0
2020-11-13,408.5,290.40362548828100,0
2020-11-16,408.0899963378910,292.6695251464840,0
2020-11-17,441.6099853515630,291.7411804199220,0
2020-11-18,486.6400146484380,289.5850830078130,0
2020-11-19,499.2699890136720,291.85101318359400,0
2020-11-20,489.6099853515630,289.8546142578130,0
2020-11-23,521.8499755859380,289.8646240234380,0
2020-11-24,555.3800048828130,293.9372253417970,0
2020-11-25,574.0,295.7439270019530,0
2020-11-27,585.760009765625,298.4690246582030,0
2020-11-30,567.5999755859380,299.077880859375,0
2020-12-01,584.760009765625,302.91094970703100,0
2020-12-02,568.8200073242190,303.3002624511720,0
2020-12-03,593.3800048828130,303.7294616699220,0
2020-12-04,599.0399780273440,304.96722412109400,0
2020-12-07,641.760009765625,306.694091796875,0
2020-12-08,649.8800048828130,307.7322082519530,0
2020-12-09,604.47998046875,300.76483154296900,0
2020-12-10,627.0700073242190,301.9726257324220,0
2020-12-11,609.989990234375,301.3038635253910,0
2020-12-14,639.8300170898440,303.4898986816410,0
2020-12-15,633.25,306.7340393066410,0
2020-12-16,622.77001953125,308.42095947265600,0
2020-12-17,655.9000244140630,310.43731689453100,0
2020-12-18,695.0,309.4989929199220,0
2020-12-21,649.8599853515630,308.9200134277340,0
2020-12-22,640.3400268554690,309.760009765625,0
2020-12-23,645.97998046875,308.20001220703100,0
2020-12-24,661.77001953125,309.55999755859400,0
2020-12-28,663.6900024414060,312.67999267578100,0
2020-12-29,665.989990234375,312.9599914550780,0
2020-12-30,694.780029296875,312.9700012207030,0
2020-12-31,705.6699829101560,313.739990234375,0