,Compound,Positive,Negative,Neutral
0,0.0,0.0,0.0,0.0
1,0.0,0.0,0.0,0.0
2,0.0,0.0,0.0,0.0
3,0.0,0.0,0.0,0.0
4,0.0,0.0,0.0,0.0
5,0.0,0.0,0.0,0.0
6,0.0,0.0,0.0,0.0
7,0.0,0.0,0.0,0.0
8,0.0,0.0,0.0,0.0
9,0.0,0.0,0.0,0.0
10,0.0,0.0,0.0,0.0
11,0.0,0.0,0.0,0.0
12,0.0,0.0,0.0,0.0
13,0.0,0.0,0.0,0.0
14,0.0,0.0,0.0,0.0
15,0.0,0.0,0.0,0.0
16,0.0,0.0,0.0,0.0
17,0.0,0.0,0.0,0.0
18,0.0,0.0,0.0,0.0
19,0.0,0.0,0.0,0.0
20,0.0,0.0,0.0,0.0
21,0.0,0.0,0.0,0.0
22,0.0,0.0,0.0,0.0
23,0.0,0.0,0.0,0.0
24,0.0,0.0,0.0,0.0
25,0.0,0.0,0.0,0.0
26,0.0,0.0,0.0,0.0
27,0.0,0.0,0.0,0.0
28,0.0,0.0,0.0,0.0
29,0.0,0.0,0.0,0.0
30,0.0,0.0,0.0,0.0
31,0.0,0.0,0.0,0.0
32,0.0,0.0,0.0,0.0
33,0.0,0.0,0.0,0.0
34,0.0,0.0,0.0,0.0
35,0.0,0.0,0.0,0.0
36,0.0,0.0,0.0,0.0
37,0.0,0.0,0.0,0.0
38,0.0,0.0,0.0,0.0
39,0.0,0.0,0.0,0.0
40,0.0,0.0,0.0,0.0
41,0.0,0.0,0.0,0.0
42,0.0,0.0,0.0,0.0
43,0.0,0.0,0.0,0.0
44,0.0,0.0,0.0,0.0
45,0.0,0.0,0.0,0.0
46,0.0,0.0,0.0,0.0
47,0.0,0.0,0.0,0.0
48,0.0,0.0,0.0,0.0
49,0.0,0.0,0.0,0.0
50,0.0,0.0,0.0,0.0
51,0.0,0.0,0.0,0.0
52,0.0,0.0,0.0,0.0
53,0.0,0.0,0.0,0.0
54,0.0,0.0,0.0,0.0
55,0.0,0.0,0.0,0.0
56,0.0,0.0,0.0,0.0
57,0.0,0.0,0.0,0.0
58,0.0,0.0,0.0,0.0
59,0.0,0.0,0.0,0.0
60,0.0,0.0,0.0,0.0
61,0.0,0.0,0.0,0.0
62,0.0,0.0,0.0,0.0
63,0.0,0.0,0.0,0.0
64,0.0,0.0,0.0,0.0
65,0.0,0.0,0.0,0.0
66,0.0,0.0,0.0,0.0
67,0.0,0.0,0.0,0.0
68,0.0,0.0,0.0,0.0
69,0.0,0.0,0.0,0.0
70,0.0,0.0,0.0,0.0
71,0.0,0.0,0.0,0.0
72,0.0,0.0,0.0,0.0
73,0.0,0.0,0.0,0.0
74,0.0,0.0,0.0,0.0
75,0.0,0.0,0.0,0.0
76,0.0,0.0,0.0,0.0
77,0.0,0.0,0.0,0.0
78,0.0,0.0,0.0,0.0
79,0.0,0.0,0.0,0.0
80,0.0,0.0,0.0,0.0
81,0.0,0.0,0.0,0.0
82,0.0,0.0,0.0,0.0
83,0.0,0.0,0.0,0.0
84,0.0,0.0,0.0,0.0
85,0.0,0.0,0.0,0.0
86,0.0,0.0,0.0,0.0
87,0.0,0.0,0.0,0.0
88,0.0,0.0,0.0,0.0
89,0.0,0.0,0.0,0.0
90,0.0,0.0,0.0,0.0
91,0.0,0.0,0.0,0.0
92,0.0,0.0,0.0,0.0
93,0.0,0.0,0.0,0.0
94,0.0,0.0,0.0,0.0
95,0.0,0.0,0.0,0.0
96,0.0,0.0,0.0,0.0
97,0.0,0.0,0.0,0.0
98,0.0,0.0,0.0,0.0
99,0.0,0.0,0.0,0.0
100,0.0,0.0,0.0,0.0
101,0.0,0.0,0.0,0.0
102,0.0,0.0,0.0,0.0
103,0.0,0.0,0.0,0.0
104,0.0,0.0,0.0,0.0
105,0.0,0.0,0.0,0.0
106,0.0,0.0,0.0,0.0
107,0.0,0.0,0.0,0.0
108,0.0,0.0,0.0,0.0
109,0.0,0.0,0.0,0.0
110,0.0,0.0,0.0,0.0
111,0.0,0.0,0.0,0.0
112,0.0,0.0,0.0,0.0
113,0.0,0.0,0.0,0.0
114,0.0,0.0,0.0,0.0
115,0.0,0.0,0.0,0.0
116,0.0,0.0,0.0,0.0
117,0.0,0.0,0.0,0.0
118,0.0,0.0,0.0,0.0
119,0.0,0.0,0.0,0.0
120,0.0,0.0,0.0,0.0
121,0.0,0.0,0.0,0.0
122,0.0,0.0,0.0,0.0
123,0.0,0.0,0.0,0.0
124,0.0,0.0,0.0,0.0
125,0.0,0.0,0.0,0.0
126,0.0,0.0,0.0,0.0
127,0.0,0.0,0.0,0.0
128,0.0,0.0,0.0,0.0
129,0.0,0.0,0.0,0.0
130,0.0,0.0,0.0,0.0
131,0.0,0.0,0.0,0.0
132,0.0,0.0,0.0,0.0
133,0.0,0.0,0.0,0.0
134,0.0,0.0,0.0,0.0
135,0.0,0.0,0.0,0.0
136,0.0,0.0,0.0,0.0
137,0.0,0.0,0.0,0.0
138,0.0,0.0,0.0,0.0
139,0.0,0.0,0.0,0.0
140,0.0,0.0,0.0,0.0
141,0.0,0.0,0.0,0.0
142,0.0,0.0,0.0,0.0
143,0.0,0.0,0.0,0.0
144,0.0,0.0,0.0,0.0
145,0.0,0.0,0.0,0.0
146,0.0,0.0,0.0,0.0
147,0.0,0.0,0.0,0.0
148,0.0,0.0,0.0,0.0
149,0.0,0.0,0.0,0.0
150,0.0,0.0,0.0,0.0
151,0.0,0.0,0.0,0.0
152,0.0,0.0,0.0,0.0
153,0.0,0.0,0.0,0.0
154,0.0,0.0,0.0,0.0
155,0.0,0.0,0.0,0.0
156,0.0,0.0,0.0,0.0
157,0.0,0.0,0.0,0.0
158,0.0,0.0,0.0,0.0
159,0.0,0.0,0.0,0.0
160,0.0,0.0,0.0,0.0
161,0.0,0.0,0.0,0.0
162,0.0,0.0,0.0,0.0
163,0.0,0.0,0.0,0.0
164,0.0,0.0,0.0,0.0
165,0.0,0.0,0.0,0.0
166,0.0,0.0,0.0,0.0
167,0.0,0.0,0.0,0.0
168,0.0,0.0,0.0,0.0
169,0.0,0.0,0.0,0.0
170,0.0,0.0,0.0,0.0
171,0.0,0.0,0.0,0.0
172,0.0,0.0,0.0,0.0
173,0.0,0.0,0.0,0.0
174,0.0,0.0,0.0,0.0
175,0.0,0.0,0.0,0.0
176,0.0,0.0,0.0,0.0
177,0.0,0.0,0.0,0.0
178,0.0,0.0,0.0,0.0
179,0.0,0.0,0.0,0.0
180,0.0,0.0,0.0,0.0
181,0.0,0.0,0.0,0.0
182,0.0,0.0,0.0,0.0
183,0.0,0.0,0.0,0.0
184,0.0,0.0,0.0,0.0
185,0.0,0.0,0.0,0.0
186,0.0,0.0,0.0,0.0
187,0.0,0.0,0.0,0.0
188,0.0,0.0,0.0,0.0
189,0.0,0.0,0.0,0.0
190,0.0,0.0,0.0,0.0
191,0.0,0.0,0.0,0.0
192,0.0,0.0,0.0,0.0
193,0.0,0.0,0.0,0.0
194,0.0,0.0,0.0,0.0
195,0.0,0.0,0.0,0.0
196,0.0,0.0,0.0,0.0
197,0.0,0.0,0.0,0.0
198,0.0,0.0,0.0,0.0
199,0.0,0.0,0.0,0.0
200,0.0,0.0,0.0,0.0
201,0.0,0.0,0.0,0.0
202,0.0,0.0,0.0,0.0
203,0.0,0.0,0.0,0.0
204,0.0,0.0,0.0,0.0
205,0.0,0.0,0.0,0.0
206,0.0,0.0,0.0,0.0
207,0.0,0.0,0.0,0.0
208,0.0,0.0,0.0,0.0
209,0.0,0.0,0.0,0.0
210,0.0,0.0,0.0,0.0
211,0.0,0.0,0.0,0.0
212,0.0,0.0,0.0,0.0
213,0.0,0.0,0.0,0.0
214,0.0,0.0,0.0,0.0
215,0.0,0.0,0.0,0.0
216,0.0,0.0,0.0,0.0
217,0.0,0.0,0.0,0.0
218,0.0,0.0,0.0,0.0
219,0.0,0.0,0.0,0.0
220,0.0,0.0,0.0,0.0
221,0.0,0.0,0.0,0.0
222,0.0,0.0,0.0,0.0
223,0.0,0.0,0.0,0.0
224,0.0,0.0,0.0,0.0
225,0.0,0.0,0.0,0.0
226,0.0,0.0,0.0,0.0
227,0.0,0.0,0.0,0.0
228,0.0,0.0,0.0,0.0
229,0.0,0.0,0.0,0.0
230,0.0,0.0,0.0,0.0
231,0.0,0.0,0.0,0.0
232,0.0,0.0,0.0,0.0
233,0.0,0.0,0.0,0.0
234,0.0,0.0,0.0,0.0
235,0.0,0.0,0.0,0.0
236,0.0,0.0,0.0,0.0
237,0.0,0.0,0.0,0.0
238,0.0,0.0,0.0,0.0
239,0.0,0.0,0.0,0.0
240,0.0,0.0,0.0,0.0
241,0.0,0.0,0.0,0.0
242,0.0,0.0,0.0,0.0
243,0.0,0.0,0.0,0.0
244,0.0,0.0,0.0,0.0
245,0.0,0.0,0.0,0.0
246,0.0,0.0,0.0,0.0
247,0.0,0.0,0.0,0.0
248,0.0,0.0,0.0,0.0
249,0.0,0.0,0.0,0.0
250,0.0,0.0,0.0,0.0
251,0.0,0.0,0.0,0.0
252,0.0,0.0,0.0,0.0
253,0.0,0.0,0.0,0.0
254,0.0,0.0,0.0,0.0
255,0.0,0.0,0.0,0.0
256,0.0,0.0,0.0,0.0
257,0.0,0.0,0.0,0.0
258,0.0,0.0,0.0,0.0
259,0.0,0.0,0.0,0.0
260,0.0,0.0,0.0,0.0
261,0.0,0.0,0.0,0.0
262,0.0,0.0,0.0,0.0
263,0.0,0.0,0.0,0.0
264,0.0,0.0,0.0,0.0
265,0.0,0.0,0.0,0.0
266,0.0,0.0,0.0,0.0
267,0.0,0.0,0.0,0.0
268,0.0,0.0,0.0,0.0
269,0.0,0.0,0.0,0.0
270,0.0,0.0,0.0,0.0
271,0.0,0.0,0.0,0.0
272,0.0,0.0,0.0,0.0
273,0.0,0.0,0.0,0.0
274,0.0,0.0,0.0,0.0
275,0.0,0.0,0.0,0.0
276,0.0,0.0,0.0,0.0
277,0.0,0.0,0.0,0.0
278,0.0,0.0,0.0,0.0
279,0.0,0.0,0.0,0.0
280,0.0,0.0,0.0,0.0
281,0.0,0.0,0.0,0.0
282,0.0,0.0,0.0,0.0
283,0.0,0.0,0.0,0.0
284,0.0,0.0,0.0,0.0
285,0.0,0.0,0.0,0.0
286,0.0,0.0,0.0,0.0
287,0.0,0.0,0.0,0.0
288,0.0,0.0,0.0,0.0
289,0.0,0.0,0.0,0.0
290,0.0,0.0,0.0,0.0
291,0.0,0.0,0.0,0.0
292,0.0,0.0,0.0,0.0
293,0.0,0.0,0.0,0.0
294,0.0,0.0,0.0,0.0
295,0.0,0.0,0.0,0.0
296,0.0,0.0,0.0,0.0
297,0.0,0.0,0.0,0.0
298,0.0,0.0,0.0,0.0
299,0.0,0.0,0.0,0.0
300,0.0,0.0,0.0,0.0
301,0.0,0.0,0.0,0.0
302,0.0,0.0,0.0,0.0
303,0.0,0.0,0.0,0.0
304,0.0,0.0,0.0,0.0
305,0.0,0.0,0.0,0.0
306,0.0,0.0,0.0,0.0
307,0.0,0.0,0.0,0.0
308,0.0,0.0,0.0,0.0
309,0.0,0.0,0.0,0.0
310,0.0,0.0,0.0,0.0
311,0.0,0.0,0.0,0.0
312,0.0,0.0,0.0,0.0
313,0.0,0.0,0.0,0.0
314,0.0,0.0,0.0,0.0
315,0.0,0.0,0.0,0.0
316,0.0,0.0,0.0,0.0
317,0.0,0.0,0.0,0.0
318,0.0,0.0,0.0,0.0
319,0.0,0.0,0.0,0.0
320,0.0,0.0,0.0,0.0
321,0.0,0.0,0.0,0.0
322,0.0,0.0,0.0,0.0
323,0.0,0.0,0.0,0.0
324,0.0,0.0,0.0,0.0
325,0.0,0.0,0.0,0.0
326,0.0,0.0,0.0,0.0
327,0.0,0.0,0.0,0.0
328,0.0,0.0,0.0,0.0
329,0.0,0.0,0.0,0.0
330,0.0,0.0,0.0,0.0
331,0.0,0.0,0.0,0.0
332,0.0,0.0,0.0,0.0
333,0.0,0.0,0.0,0.0
334,0.0,0.0,0.0,0.0
335,0.0,0.0,0.0,0.0
336,0.0,0.0,0.0,0.0
337,0.0,0.0,0.0,0.0
338,0.0,0.0,0.0,0.0
339,0.0,0.0,0.0,0.0
340,0.0,0.0,0.0,0.0
341,0.0,0.0,0.0,0.0
342,0.0,0.0,0.0,0.0
343,0.0,0.0,0.0,0.0
344,0.0,0.0,0.0,0.0
345,0.0,0.0,0.0,0.0
346,0.0,0.0,0.0,0.0
347,0.0,0.0,0.0,0.0
348,0.0,0.0,0.0,0.0
349,0.0,0.0,0.0,0.0
350,0.0,0.0,0.0,0.0
351,0.0,0.0,0.0,0.0
352,0.0,0.0,0.0,0.0
353,0.0,0.0,0.0,0.0
354,0.0,0.0,0.0,0.0
355,0.0,0.0,0.0,0.0
356,0.0,0.0,0.0,0.0
357,0.0,0.0,0.0,0.0
358,0.0,0.0,0.0,0.0
359,0.0,0.0,0.0,0.0
360,0.0,0.0,0.0,0.0
361,0.8588,0.214,0.044,0.742
362,0.0,0.0,0.0,0.0
363,0.8777,0.302,0.112,0.586
364,0.0,0.0,0.0,0.0
365,0.0,0.0,0.0,0.0
366,0.0,0.0,0.0,0.0
367,0.0,0.0,0.0,0.0
368,0.0,0.0,0.0,0.0
369,0.0,0.0,0.0,0.0
370,0.0,0.0,0.0,0.0
371,0.0,0.0,0.0,0.0
372,0.0,0.0,0.0,0.0
373,0.0,0.0,0.0,0.0
374,0.0,0.0,0.0,0.0
375,0.9593,0.223,0.114,0.663
376,0.7339,0.096,0.0,0.904
377,0.0,0.0,0.0,0.0
378,0.9781,0.21,0.023,0.767
379,0.3182,0.126,0.0,0.874
380,0.9762,0.319,0.016,0.665
381,0.9754,0.158,0.029,0.814
382,-0.958,0.162,0.23,0.608
383,0.847,0.246,0.059,0.695
384,0.0,0.0,0.0,0.0
385,0.3182,0.044,0.0,0.956
386,0.0,0.0,0.0,0.0
387,0.0,0.0,0.0,0.0
388,0.6616,0.174,0.0,0.826
389,-0.1386,0.094,0.116,0.79
390,0.6239,0.082,0.0,0.918
391,-0.9057,0.067,0.197,0.736
392,-0.4329,0.097,0.138,0.765
393,0.0,0.0,0.0,0.0
394,0.0,0.0,0.0,0.0
395,0.6361,0.144,0.0,0.856
396,0.296,0.159,0.119,0.722
397,0.0,0.0,0.0,0.0
398,0.0,0.0,0.0,0.0
399,0.5994,0.328,0.0,0.672
400,0.2648,0.112,0.11,0.778
401,0.1531,0.159,0.126,0.714
402,0.5106,0.134,0.081,0.785
403,0.4576,0.2,0.0,0.8
404,0.0,0.0,0.0,0.0
405,0.7351,0.124,0.029,0.847
406,0.6096,0.262,0.0,0.738
407,0.7373,0.198,0.087,0.715
408,0.5106,0.163,0.0,0.837
409,0.7643,0.188,0.045,0.767
410,0.3182,0.119,0.0,0.881
411,0.4215,0.237,0.0,0.763
412,0.0,0.0,0.0,0.0
413,0.0,0.0,0.0,0.0
414,0.2023,0.114,0.0,0.886
415,-0.4926,0.0,0.197,0.803
416,0.128,0.231,0.0,0.769
417,0.0,0.0,0.0,0.0
418,0.0,0.0,0.0,0.0
419,0.7717,0.155,0.0,0.845
420,0.0,0.0,0.0,0.0
421,0.0,0.0,0.0,1.0
422,0.0,0.0,0.0,0.0
423,0.0,0.0,0.0,1.0
424,0.0,0.0,0.0,0.0
425,0.0,0.0,0.0,0.0
426,0.0,0.0,0.0,1.0
427,0.0,0.0,0.0,0.0
428,0.0,0.0,0.0,0.0
429,0.636,0.092,0.0,0.908
430,0.6956,0.218,0.0,0.782
431,0.0,0.0,0.0,0.0
432,0.6369,0.202,0.109,0.689
433,0.0,0.0,0.0,0.0
434,0.0,0.0,0.0,0.0
435,0.0,0.0,0.0,0.0
436,0.8439,0.412,0.0,0.588
437,0.6124,0.385,0.0,0.615
438,0.0,0.0,0.0,0.0
439,0.0,0.0,0.0,0.0
440,0.0,0.0,0.0,0.0
441,0.0,0.0,0.0,1.0
442,0.0,0.0,0.0,0.0
443,0.0,0.0,0.0,0.0
444,0.9523,0.347,0.0,0.653
445,0.1027,0.073,0.064,0.863
446,0.7506,0.402,0.0,0.598
447,0.7579,0.428,0.11,0.462
448,0.9521,0.297,0.056,0.647
449,0.0,0.0,0.0,0.0
450,0.7506,0.348,0.0,0.652
451,0.0,0.0,0.0,0.0
452,0.0,0.0,0.0,0.0
453,0.6249,0.255,0.0,0.745
454,0.0,0.0,0.0,0.0
455,0.2263,0.138,0.092,0.769
456,0.0,0.0,0.0,0.0
457,0.8885,0.311,0.055,0.634
458,0.8516,0.185,0.0,0.815
459,0.0,0.0,0.0,1.0
460,0.0,0.0,0.0,1.0
461,0.0,0.0,0.0,0.0
462,0.0,0.0,0.0,0.0
463,0.0,0.065,0.065,0.87
464,0.658,0.32,0.113,0.566
465,0.0,0.0,0.0,0.0
466,0.8271,0.179,0.0,0.821
467,0.0,0.0,0.0,0.0
468,0.4404,0.097,0.0,0.903
469,0.3612,0.122,0.0,0.878
470,0.0,0.0,0.0,0.0
471,0.8622,0.21,0.0,0.79
472,-0.3612,0.043,0.094,0.862
473,-0.6597,0.0,0.188,0.812
474,0.0,0.0,0.0,0.0
475,0.0,0.0,0.0,0.0
476,0.0,0.0,0.0,0.0
477,0.0,0.0,0.0,0.0
478,-0.2134,0.075,0.098,0.827
479,0.9861,0.238,0.028,0.733
480,0.0,0.0,0.0,1.0
481,0.6486,0.085,0.028,0.887
482,0.6588,0.205,0.0,0.795
483,0.0,0.0,0.0,0.0
484,0.0,0.0,0.0,0.0
485,0.0,0.071,0.101,0.827
486,0.0,0.0,0.0,1.0
487,0.0,0.0,0.0,0.0
488,0.0,0.0,0.0,1.0
489,0.0,0.0,0.0,0.0
490,0.0,0.0,0.0,0.0
491,0.0,0.0,0.0,0.0
492,0.0,0.0,0.0,0.0
493,0.0,0.0,0.0,0.0
494,0.0,0.0,0.0,0.0
495,0.4404,0.169,0.092,0.739
496,0.0,0.0,0.0,0.0
497,0.9081,0.324,0.0,0.676
498,-0.4926,0.087,0.199,0.715
499,0.0,0.0,0.0,1.0
500,0.0,0.0,0.0,0.0
501,0.0,0.0,0.0,0.0
502,0.0,0.0,0.0,1.0
503,0.0,0.0,0.0,0.0
504,0.1386,0.077,0.062,0.862
505,0.0,0.0,0.0,1.0
506,0.0,0.0,0.0,0.0
507,0.8953,0.185,0.043,0.772
508,0.0,0.0,0.0,0.0
509,0.4045,0.106,0.063,0.832
510,0.0,0.0,0.0,0.0
511,0.0772,0.085,0.0,0.915
512,0.0,0.0,0.0,0.0
513,0.0,0.0,0.0,0.0
514,0.3074,0.093,0.065,0.842
515,0.0,0.0,0.0,0.0
516,-0.6597,0.0,0.067,0.933
517,0.902,0.573,0.0,0.427
518,0.0,0.0,0.0,0.0
519,0.0,0.0,0.0,0.0
520,0.0,0.0,0.0,0.0
521,0.2732,0.116,0.105,0.779
522,0.0,0.0,0.0,0.0
523,0.0,0.0,0.0,0.0
524,0.0,0.0,0.0,0.0
525,0.8553,0.173,0.102,0.725
526,0.8908,0.679,0.0,0.321
527,0.7184,0.336,0.056,0.607
528,0.9808,0.186,0.042,0.772
529,0.0,0.0,0.0,0.0
530,0.7644,0.223,0.0,0.777
531,0.9401,0.322,0.0,0.678
532,0.0,0.0,0.0,0.0
533,0.0,0.0,0.0,0.0
534,0.0,0.0,0.0,0.0
535,0.0,0.0,0.0,0.0
536,0.0,0.0,0.0,0.0
537,-0.6908,0.0,0.227,0.773
538,0.0,0.0,0.0,0.0
539,0.0,0.0,0.0,0.0
540,0.0,0.0,0.0,0.0
541,0.0,0.0,0.0,0.0
542,0.0,0.0,0.0,0.0
543,0.9381,0.341,0.0,0.659
544,0.0,0.0,0.0,0.0
545,0.0,0.0,0.0,0.0
546,0.891,0.15,0.037,0.814
547,0.0,0.0,0.0,0.0
548,0.9211,0.523,0.0,0.477
549,0.2263,0.174,0.0,0.826
550,0.0,0.0,0.0,0.0
551,0.0,0.0,0.0,0.0
552,0.0,0.0,0.0,0.0
553,0.0,0.0,0.0,1.0
554,0.0,0.0,0.0,0.0
555,0.0,0.0,0.0,0.0
556,0.0,0.0,0.0,0.0
557,0.0,0.0,0.0,0.0
558,0.0,0.0,0.0,0.0
559,0.6908,0.204,0.052,0.744
560,0.5697,0.162,0.0,0.838
561,0.0,0.0,0.0,0.0
562,0.0,0.0,0.0,0.0
563,0.0,0.0,0.0,1.0
564,0.0,0.0,0.0,0.0
565,0.2314,0.139,0.097,0.764
566,0.6369,0.271,0.0,0.729
567,0.0,0.0,0.0,0.0
568,0.0,0.0,0.0,0.0
569,0.0,0.0,0.0,0.0
570,-0.1548,0.074,0.125,0.801
571,0.0,0.0,0.0,1.0
572,-0.1511,0.0,0.074,0.926
573,0.0,0.0,0.0,1.0
574,0.0,0.0,0.0,0.0
575,0.0,0.0,0.0,1.0
576,0.0,0.0,0.0,0.0
577,0.0,0.0,0.0,0.0
578,0.0,0.0,0.0,0.0
579,0.0,0.0,0.0,1.0
580,0.0,0.0,0.0,0.0
581,0.0,0.0,0.0,0.0
582,0.0,0.0,0.0,0.0
583,0.0,0.0,0.0,0.0
584,0.0,0.0,0.0,0.0
585,0.0,0.0,0.0,0.0
586,0.0,0.0,0.0,1.0
587,0.0,0.0,0.0,0.0
588,0.0,0.0,0.0,0.0
589,0.0,0.0,0.0,0.0
590,0.9617,0.171,0.0,0.829
591,0.0,0.0,0.0,0.0
592,0.0,0.0,0.0,0.0
593,0.0,0.0,0.0,1.0
594,0.4926,0.242,0.0,0.758
595,0.0,0.0,0.0,0.0
596,0.0,0.0,0.0,1.0
597,0.0,0.0,0.0,0.0
598,0.6249,0.577,0.0,0.423
599,0.6696,0.407,0.0,0.593
600,0.0,0.0,0.0,0.0
601,0.0,0.0,0.0,0.0
602,0.7717,0.372,0.0,0.628
603,0.6989,0.278,0.0,0.722
604,-0.7247,0.084,0.145,0.771
605,0.7901,0.318,0.0,0.682
606,0.8979,0.225,0.0,0.775
607,0.0,0.0,0.0,1.0
608,0.2292,0.108,0.066,0.826
609,0.6474,0.201,0.0,0.799
610,0.4926,0.761,0.0,0.239
611,0.0,0.0,0.0,0.0
612,0.2481,0.142,0.0,0.858
613,0.8834,0.392,0.0,0.608
614,0.3182,0.297,0.154,0.549
615,0.0,0.0,0.0,0.0
616,0.0,0.0,0.0,0.0
617,0.5707,0.093,0.0,0.907
618,0.75,0.285,0.0,0.715
619,0.392,0.166,0.149,0.686
620,0.0,0.0,0.0,0.0
621,-0.5719,0.089,0.147,0.764
622,0.5994,0.281,0.0,0.719
623,0.0,0.0,0.0,0.0
624,0.8777,0.359,0.0,0.641
625,0.7832,0.385,0.0,0.615
626,0.0,0.0,0.0,0.0
627,-0.296,0.0,0.045,0.955
628,0.8588,0.655,0.0,0.345
629,0.0,0.0,0.0,0.0
630,0.0,0.0,0.0,0.0
631,-0.4753,0.09,0.151,0.758
632,0.0,0.0,0.0,0.0
633,0.0,0.0,0.0,0.0
634,0.68,0.141,0.0,0.859
635,0.0,0.0,0.0,0.0
636,0.0,0.0,0.0,0.0
637,0.0,0.0,0.0,0.0
638,0.6419,0.145,0.05,0.804
639,0.0,0.0,0.0,0.0
640,0.0,0.0,0.0,0.0
641,0.0,0.0,0.0,0.0
642,0.3612,0.294,0.0,0.706
643,0.0,0.0,0.0,0.0
644,0.8625,0.35,0.0,0.65
645,0.0,0.0,0.0,0.0
646,0.0,0.0,0.0,0.0
647,0.0,0.0,0.0,0.0
648,0.0,0.0,0.0,0.0
649,0.6597,0.241,0.0,0.759
650,0.0,0.0,0.0,0.0
651,0.0,0.0,0.0,1.0
652,0.0,0.0,0.0,0.0
653,0.0,0.0,0.0,0.0
654,0.8715,0.369,0.172,0.459
655,0.0,0.0,0.0,0.0
656,0.0,0.0,0.0,0.0
657,0.0,0.0,0.0,0.0
658,-0.6404,0.079,0.21,0.711
659,0.8191,0.121,0.049,0.831
660,0.0,0.0,0.0,0.0
661,0.0,0.0,0.0,0.0
662,0.0,0.0,0.0,0.0
663,0.3818,0.1,0.041,0.86
664,0.7845,0.291,0.072,0.637
665,0.69,0.322,0.0,0.678
666,0.0,0.0,0.0,0.0
667,0.0,0.0,0.0,0.0
668,0.9622,0.443,0.0,0.557
669,0.128,0.143,0.118,0.739
670,0.3612,0.123,0.078,0.799
671,0.0,0.0,0.0,0.0
672,0.953,0.164,0.058,0.779
673,0.9392,0.185,0.0,0.815
674,0.0,0.0,0.0,0.0
675,0.0,0.0,0.0,0.0
676,0.3612,0.128,0.0,0.872
677,0.9387,0.184,0.082,0.734
678,-0.6696,0.0,0.139,0.861
679,0.0,0.0,0.0,0.0
680,0.0,0.0,0.0,0.0
681,0.0,0.0,0.0,0.0
682,0.0,0.0,0.0,0.0
683,0.6988,0.336,0.104,0.56
684,0.875,0.407,0.0,0.593
685,0.0,0.0,0.0,1.0
686,0.0,0.0,0.0,0.0
687,0.0,0.0,0.0,0.0
688,0.9843,0.201,0.059,0.74
689,0.7351,0.117,0.047,0.835
690,0.0,0.0,0.0,0.0
691,0.0,0.0,0.0,0.0
692,0.9949,0.309,0.072,0.619
693,0.9894,0.305,0.0,0.695
694,0.7777,0.173,0.034,0.793
695,0.0,0.0,0.0,0.0
696,0.0,0.0,0.0,0.0
697,0.3071,0.189,0.111,0.7
698,0.9841,0.186,0.057,0.757
699,0.4019,0.091,0.0,0.909
700,0.9448,0.226,0.032,0.742
701,0.0,0.0,0.0,0.0
702,0.0516,0.118,0.0,0.882
703,0.0,0.0,0.0,0.0
704,0.7256,0.221,0.0,0.779
705,0.0,0.0,0.0,0.0
706,0.7125,0.149,0.0,0.851
707,0.9523,0.219,0.0,0.781
708,0.8829,0.364,0.0,0.636
709,0.8689,0.26,0.055,0.684
710,0.9449,0.313,0.0,0.687
711,-0.2846,0.081,0.085,0.834
712,-0.34,0.0,0.13,0.87
713,0.5707,0.381,0.0,0.619
714,0.7541,0.139,0.026,0.835
715,0.5927,0.062,0.0,0.938
716,0.9499,0.178,0.092,0.73
717,0.9971,0.328,0.019,0.653
718,0.5591,0.106,0.053,0.841
719,0.0,0.0,0.0,0.0
720,0.8336,0.164,0.03,0.806
721,0.0,0.0,0.0,0.0
722,0.9902,0.216,0.077,0.706
723,0.2263,0.083,0.0,0.917
724,0.6249,0.169,0.0,0.831
725,0.0,0.0,0.0,0.0
726,0.0,0.0,0.0,0.0
727,0.5267,0.165,0.093,0.742
728,0.5267,0.173,0.0,0.827
729,0.0,0.0,0.0,0.0
730,-0.3368,0.038,0.073,0.89
731,-0.7438,0.101,0.166,0.733
732,0.9992,0.203,0.12,0.677
733,0.0,0.0,0.0,0.0
734,0.3182,0.081,0.0,0.919
735,0.0,0.0,0.0,0.0
736,-0.1027,0.037,0.045,0.918
737,0.6369,0.198,0.0,0.802
738,0.0,0.0,0.0,1.0
739,-0.1131,0.11,0.142,0.748
740,0.0,0.0,0.0,0.0
741,0.4926,0.186,0.08,0.734
742,0.0,0.0,0.0,0.0
743,0.4939,0.11,0.0,0.89
744,0.0,0.0,0.0,0.0
745,0.0,0.0,0.0,0.0
746,0.0,0.0,0.0,0.0
747,0.1154,0.022,0.0,0.978
748,0.0,0.0,0.0,1.0
749,0.0,0.0,0.0,1.0
750,-0.6369,0.0,0.136,0.864
751,0.0,0.0,0.0,1.0
752,0.3774,0.04,0.0,0.96
753,0.0,0.0,0.0,0.0
754,0.0,0.0,0.0,0.0
755,0.8984,0.31,0.053,0.636
756,0.6115,0.105,0.0,0.895
757,0.795,0.352,0.0,0.648
758,0.0,0.0,0.0,0.0
759,0.0,0.0,0.0,0.0
760,0.0,0.0,0.0,1.0
761,0.7579,0.294,0.0,0.706
762,0.6823,0.129,0.0,0.871
763,0.0,0.0,0.0,0.0
764,0.0,0.0,0.0,0.0
765,0.8736,0.178,0.107,0.715
766,0.0,0.0,0.0,0.0
767,0.0,0.0,0.0,0.0
768,0.0,0.0,0.0,0.0
769,0.0,0.0,0.0,0.0
770,0.0,0.0,0.0,0.0
771,0.5562,0.234,0.0,0.766
772,-0.0516,0.152,0.196,0.652
773,0.0,0.0,0.0,0.0
774,0.0,0.0,0.0,0.0
775,0.0,0.0,0.0,1.0
776,0.0,0.0,0.0,0.0
777,0.0,0.0,0.0,0.0
778,-0.296,0.0,0.121,0.879
779,0.0,0.0,0.0,0.0
780,0.0,0.0,0.0,0.0
781,0.0,0.0,0.0,0.0
782,0.0,0.0,0.0,1.0
783,0.0,0.0,0.0,0.0
784,0.0,0.0,0.0,0.0
785,0.5873,0.211,0.0,0.789
786,0.0,0.0,0.0,1.0
787,-0.1027,0.0,0.091,0.909
788,0.0,0.0,0.0,0.0
789,0.0,0.0,0.0,1.0
790,0.0,0.0,0.0,0.0
791,0.7906,0.389,0.0,0.611
792,0.0,0.0,0.0,0.0
793,0.0,0.0,0.0,0.0
794,0.4939,0.151,0.0,0.849
795,0.906,0.183,0.03,0.787
796,0.0,0.0,0.0,0.0
797,0.0,0.0,0.0,0.0
798,0.0,0.0,0.0,0.0
799,0.0,0.0,0.0,0.0
800,0.0,0.0,0.0,0.0
801,-0.34,0.0,0.13,0.87
802,0.0,0.0,0.0,0.0
803,0.4939,0.082,0.0,0.918
804,-0.34,0.0,0.094,0.906
805,-0.3612,0.037,0.067,0.896
806,0.0,0.0,0.0,0.0
807,0.0,0.0,0.0,0.0
808,-0.34,0.0,0.138,0.862
809,0.4215,0.182,0.084,0.734
810,0.0,0.0,0.0,0.0
811,0.0772,0.106,0.0,0.894
812,0.8625,0.157,0.0,0.843
813,0.7424,0.212,0.058,0.73
814,0.0,0.0,0.0,0.0
815,0.0,0.0,0.0,0.0
816,0.8225,0.281,0.0,0.719
817,0.0,0.0,0.0,0.0
818,0.0,0.0,0.0,1.0
819,0.9549,0.161,0.0,0.839
820,0.0,0.0,0.0,0.0
821,0.0,0.0,0.0,0.0
822,0.0,0.0,0.0,0.0
823,0.0,0.0,0.0,0.0
824,-0.34,0.0,0.375,0.625
825,0.0,0.0,0.0,0.0
826,0.0,0.0,0.0,0.0
827,0.0,0.0,0.0,0.0
828,0.0,0.0,0.0,0.0
829,0.0,0.0,0.0,1.0
830,0.0,0.0,0.0,0.0
831,0.0,0.0,0.0,0.0
832,0.0,0.0,0.0,0.0
833,0.0,0.0,0.0,0.0
834,0.0,0.0,0.0,0.0
835,0.0,0.0,0.0,0.0
836,0.0,0.0,0.0,0.0
837,0.0,0.0,0.0,0.0
838,0.0,0.0,0.0,0.0
839,0.0,0.0,0.0,1.0
840,0.0,0.0,0.0,0.0
841,0.5562,0.216,0.0,0.784
842,0.0,0.0,0.0,0.0
843,0.0,0.0,0.0,0.0
844,0.5399,0.225,0.0,0.775
845,0.0,0.0,0.0,0.0
846,0.0,0.0,0.0,0.0
847,0.0,0.0,0.0,0.0
848,0.0,0.0,0.0,0.0
849,-0.4767,0.0,0.383,0.617
850,0.0,0.0,0.0,0.0
851,0.0,0.0,0.0,1.0
852,-0.4404,0.088,0.187,0.725
853,0.0,0.0,0.0,0.0
854,0.0,0.0,0.0,0.0
855,-0.9468,0.076,0.264,0.66
856,0.0,0.0,0.0,0.0
857,0.4404,0.172,0.0,0.828
858,0.0,0.0,0.0,0.0
859,0.6597,0.063,0.014,0.922
860,0.743,0.356,0.082,0.562
861,0.0,0.0,0.0,0.0
862,0.9696,0.156,0.063,0.781
863,0.5035,0.066,0.0,0.934
864,0.1531,0.151,0.144,0.706
865,0.9322,0.218,0.0,0.782
866,0.2732,0.139,0.0,0.861
867,0.8519,0.258,0.054,0.688
868,0.0,0.0,0.0,0.0
869,-0.6114,0.0,0.571,0.429
870,0.0,0.0,0.0,0.0
871,0.0,0.0,0.0,0.0
872,0.0,0.0,0.0,0.0
873,0.0,0.0,0.0,0.0
874,0.0,0.0,0.0,0.0
875,0.0,0.0,0.0,0.0
876,0.0,0.0,0.0,1.0
877,0.0,0.0,0.0,0.0
878,0.9169,0.373,0.0,0.627
879,0.0,0.0,0.0,0.0
880,0.5848,0.655,0.0,0.345
881,0.5256,0.268,0.0,0.732
882,0.0,0.0,0.0,0.0
883,0.0,0.0,0.0,0.0
884,0.0,0.0,0.0,0.0
885,0.0,0.0,0.0,0.0
886,0.0,0.0,0.0,1.0
887,0.8883,0.51,0.085,0.405
888,0.0,0.0,0.0,0.0
889,0.0,0.0,0.0,0.0
890,0.0,0.0,0.0,0.0
891,0.0,0.0,0.0,0.0
892,0.0,0.0,0.0,0.0
893,0.0,0.0,0.0,0.0
894,0.0,0.0,0.0,0.0
895,0.0,0.0,0.0,0.0
896,0.0,0.0,0.0,0.0
897,0.0,0.0,0.0,0.0
898,0.0,0.0,0.0,1.0
899,0.0,0.0,0.0,0.0
900,0.5562,0.058,0.0,0.942
901,0.0,0.0,0.0,0.0
902,0.0,0.0,0.0,0.0
903,0.4389,0.208,0.0,0.792
904,0.0,0.0,0.0,0.0
905,-0.68,0.0,0.187,0.813
906,0.0,0.0,0.0,0.0
907,0.0,0.0,0.0,0.0
908,0.0,0.0,0.0,0.0
909,0.5106,0.281,0.0,0.719
910,0.908,0.307,0.0,0.693
911,0.0258,0.068,0.0,0.932
912,0.0,0.0,0.0,0.0
913,0.0,0.0,0.0,0.0
914,0.5093,0.451,0.0,0.549
915,0.0,0.0,0.0,0.0
916,0.0,0.0,0.0,0.0
917,0.0,0.0,0.0,0.0
918,0.0,0.0,0.0,0.0
919,0.0,0.0,0.0,1.0
920,0.4404,0.121,0.0,0.879
921,0.0,0.0,0.0,0.0
922,0.0,0.0,0.0,0.0
923,0.0,0.0,0.0,0.0
924,0.0,0.0,0.0,0.0
925,0.0,0.0,0.0,0.0
926,0.34,0.138,0.0,0.862
927,0.0,0.0,0.0,0.0
928,0.8461,0.821,0.0,0.179
929,0.0,0.0,0.0,0.0
930,0.7717,0.219,0.06,0.722
931,0.0,0.0,0.0,0.0
932,0.0,0.0,0.0,0.0
933,0.972,0.271,0.025,0.705
934,-0.7579,0.0,0.2,0.8
935,0.0,0.0,0.0,0.0
936,0.2732,1.0,0.0,0.0
937,0.0,0.0,0.0,0.0
938,0.0,0.0,0.0,0.0
939,0.0,0.0,0.0,0.0
940,0.0,0.0,0.0,1.0
941,0.0,0.0,0.0,0.0
942,0.0,0.0,0.0,0.0
943,0.0,0.0,0.0,0.0
944,-0.2244,0.0,0.07,0.93
945,0.0,0.0,0.0,0.0
946,0.0,0.0,0.0,1.0
947,0.0,0.0,0.0,0.0
948,0.0,0.0,0.0,0.0
949,0.9473,0.173,0.029,0.798
950,0.1027,0.054,0.046,0.9
951,0.0,0.0,0.0,0.0
952,0.0,0.0,0.0,0.0
953,0.0,0.0,0.0,0.0
954,0.0,0.0,0.0,0.0
955,0.0,0.0,0.0,0.0
956,0.0,0.0,0.0,0.0
957,0.0,0.0,0.0,0.0
958,0.9766,0.143,0.021,0.836
959,0.0,0.0,0.0,0.0
960,0.0,0.0,0.0,0.0
961,0.0,0.0,0.0,0.0
962,0.6597,0.31,0.0,0.69
963,-0.1027,0.0,0.123,0.877
964,-0.2245,0.117,0.208,0.674
965,-0.1053,0.072,0.107,0.821
966,0.0,0.0,0.0,0.0
967,0.0,0.0,0.0,1.0
968,0.0,0.0,0.0,0.0
969,0.0,0.0,0.0,0.0
970,0.0,0.0,0.0,0.0
971,-0.1531,0.133,0.171,0.696
972,0.0,0.0,0.0,0.0
973,0.5411,0.36,0.0,0.64
974,0.0,0.0,0.0,0.0
975,0.7506,0.33,0.0,0.67
976,0.0,0.0,0.0,0.0
977,0.0,0.0,0.0,0.0
978,0.0,0.0,0.0,0.0
979,0.0,0.0,0.0,0.0
980,0.0,0.0,0.0,0.0
981,0.7845,0.463,0.0,0.537
982,0.891,0.127,0.0,0.873
983,0.9257,0.149,0.011,0.84
984,0.0,0.0,0.0,0.0
985,0.4404,0.167,0.084,0.749
986,0.0,0.0,0.0,0.0
987,0.0,0.0,0.0,1.0
988,0.0,0.0,0.0,0.0
989,-0.5499,0.077,0.2,0.723
990,0.0,0.0,0.0,0.0
991,0.0,0.0,0.0,0.0
992,0.0,0.0,0.0,0.0
993,0.0,0.0,0.0,0.0
994,0.3182,0.39,0.221,0.39
995,0.0,0.0,0.0,1.0
996,0.6124,0.228,0.083,0.688
997,0.0,0.0,0.0,0.0
998,0.3786,0.047,0.0,0.953
999,0.0,0.0,0.0,0.0
1000,0.4404,0.172,0.0,0.828
1001,0.0,0.0,0.0,0.0
1002,0.0,0.0,0.0,0.0
1003,0.0,0.0,0.0,0.0
1004,0.0,0.0,0.0,0.0
1005,0.0,0.0,0.0,0.0
1006,0.0,0.0,0.0,0.0
1007,0.0,0.0,0.0,0.0
1008,0.2023,0.184,0.0,0.816
1009,0.0,0.0,0.0,0.0
1010,0.0,0.0,0.0,0.0
1011,0.0,0.0,0.0,0.0
1012,0.0,0.0,0.0,0.0
1013,0.0,0.0,0.0,0.0
1014,0.1779,0.055,0.0,0.945
1015,0.0,0.0,0.0,0.0
1016,0.6652,0.151,0.078,0.771
1017,0.0,0.0,0.0,0.0
1018,0.0,0.0,0.0,0.0
1019,0.0,0.0,0.0,0.0
1020,0.0,0.0,0.0,0.0
1021,-0.0258,0.225,0.234,0.541
1022,0.0,0.0,0.0,0.0
1023,0.0,0.0,0.0,1.0
1024,0.0,0.0,0.0,0.0
1025,0.0,0.0,0.0,0.0
1026,0.0,0.0,0.0,1.0
1027,0.0,0.0,0.0,0.0
1028,0.0,0.0,0.0,0.0
1029,0.0,0.0,0.0,0.0
1030,0.0,0.0,0.0,0.0
1031,0.9831,0.313,0.065,0.622
1032,0.836,0.13,0.0,0.87
1033,0.0,0.0,0.0,0.0
1034,0.0,0.0,0.0,0.0
1035,0.0,0.0,0.0,0.0
1036,0.0,0.0,0.0,0.0
1037,0.0,0.0,0.0,0.0
1038,0.0,0.0,0.0,0.0
1039,0.0,0.0,0.0,0.0
1040,0.0,0.0,0.0,0.0
1041,0.5848,0.138,0.0,0.862
1042,0.0,0.0,0.0,1.0
1043,0.0,0.0,0.0,0.0
1044,0.0,0.0,0.0,0.0
1045,0.0,0.0,0.0,0.0
1046,-0.4215,0.0,0.095,0.905
1047,0.6486,0.081,0.0,0.919
1048,0.0,0.0,0.0,0.0
1049,0.0,0.0,0.0,0.0
1050,0.0,0.0,0.0,0.0
1051,0.101,0.258,0.0,0.742
1052,0.0,0.0,0.0,0.0
1053,0.0,0.0,0.0,0.0
1054,0.0,0.0,0.0,0.0
1055,-0.2023,0.055,0.067,0.878
1056,0.6542,0.202,0.118,0.68
1057,0.0,0.0,0.0,1.0
1058,0.0,0.0,0.0,1.0
1059,0.0,0.0,0.0,0.0
1060,0.0,0.0,0.0,0.0
1061,0.0,0.0,0.0,0.0
1062,0.9672,0.366,0.0,0.634
1063,0.0,0.0,0.0,0.0
1064,0.4404,0.112,0.0,0.888
1065,0.7096,0.855,0.0,0.145
1066,0.0,0.0,0.0,0.0
1067,0.0,0.0,0.0,0.0
1068,0.0,0.0,0.0,0.0
1069,0.0,0.0,0.0,0.0
1070,0.1531,0.127,0.0,0.873
1071,0.0,0.0,0.0,0.0
1072,0.0,0.0,0.0,0.0
1073,0.7387,0.251,0.131,0.618
1074,0.0,0.0,0.0,0.0
1075,0.0,0.0,0.0,0.0
1076,0.0,0.0,0.0,0.0
1077,0.0,0.0,0.0,0.0
1078,0.0,0.0,0.0,0.0
1079,0.0,0.0,0.0,1.0
1080,0.0,0.0,0.0,1.0
1081,0.0,0.0,0.0,0.0
1082,0.0,0.0,0.0,0.0
1083,0.0,0.0,0.0,1.0
1084,0.0,0.0,0.0,1.0
1085,0.0,0.0,0.0,1.0
1086,0.0,0.0,0.0,0.0
1087,0.0,0.0,0.0,0.0
1088,0.0,0.0,0.0,0.0
1089,0.0,0.0,0.0,0.0
1090,0.0,0.0,0.0,1.0
1091,0.4588,0.075,0.0,0.925
1092,0.3818,0.238,0.107,0.656
1093,0.0,0.0,0.0,0.0
1094,0.0,0.0,0.0,0.0
1095,0.0,0.0,0.0,1.0
1096,0.0,0.0,0.0,1.0
1097,0.0,0.0,0.0,0.0
1098,0.0,0.0,0.0,0.0
1099,0.34,0.231,0.0,0.769
1100,0.0,0.0,0.0,0.0
1101,0.2516,0.148,0.08,0.772
1102,0.0,0.0,0.0,0.0
1103,0.0,0.0,0.0,0.0
1104,0.0,0.0,0.0,0.0
1105,0.0,0.0,0.0,0.0
1106,0.0,0.0,0.0,1.0
1107,-0.0222,0.134,0.136,0.73
1108,0.0,0.0,0.0,0.0
1109,0.0,0.0,0.0,0.0
1110,0.5499,0.096,0.08,0.823
1111,0.5093,0.354,0.0,0.646
1112,0.0,0.0,0.0,0.0
1113,0.0,0.0,0.0,0.0
1114,0.0,0.0,0.0,0.0
1115,0.0,0.0,0.0,0.0
1116,0.0,0.0,0.0,0.0
1117,0.0,0.0,0.0,0.0
1118,0.0,0.0,0.0,0.0
1119,0.8934,0.416,0.0,0.584
1120,0.0,0.0,0.0,0.0
1121,0.0,0.0,0.0,0.0
1122,0.0,0.0,0.0,0.0
1123,0.0,0.0,0.0,0.0
1124,0.0,0.0,0.0,0.0
1125,0.0,0.0,0.0,0.0
1126,0.0,0.0,0.0,0.0
1127,0.0,0.0,0.0,0.0
1128,-0.2263,0.0,0.042,0.958
1129,-0.2714,0.144,0.165,0.691
1130,0.0,0.0,0.0,0.0
1131,0.0,0.0,0.0,0.0
1132,0.8566,0.246,0.042,0.712
1133,0.0,0.0,0.0,1.0
1134,0.0,0.0,0.0,1.0
1135,0.4767,0.17,0.0,0.83
1136,0.0,0.0,0.0,0.0
1137,0.0,0.0,0.0,1.0
1138,-0.296,0.0,0.059,0.941
1139,0.0,0.0,0.0,0.0
1140,0.0,0.0,0.0,0.0
1141,0.0,0.0,0.0,0.0
1142,0.9459,0.134,0.061,0.805
1143,0.0,0.0,0.0,0.0
1144,0.0,0.0,0.0,0.0
1145,0.8555,0.186,0.037,0.778
1146,0.126,0.062,0.057,0.881
1147,0.0,0.0,0.0,1.0
1148,0.0,0.0,0.0,0.0
1149,0.0,0.0,0.0,0.0
1150,0.9217,0.227,0.0,0.773
1151,0.5346,0.07,0.0,0.93
1152,0.0,0.0,0.0,0.0
1153,0.34,0.218,0.144,0.638
1154,-0.3612,0.061,0.114,0.825
1155,0.0258,0.07,0.049,0.881
1156,0.0,0.0,0.0,0.0
1157,0.0,0.0,0.0,0.0
1158,0.0,0.0,0.0,0.0
1159,0.0,0.0,0.0,0.0
1160,0.0,0.0,0.0,0.0
1161,0.6705,0.091,0.026,0.883
1162,0.6486,0.209,0.0,0.791
1163,-0.1027,0.0,0.049,0.951
1164,0.9505,0.166,0.01,0.824
1165,0.0,0.0,0.0,0.0
1166,0.0,0.0,0.0,0.0
1167,0.0,0.0,0.0,0.0
1168,0.0,0.0,0.0,0.0
1169,0.0,0.0,0.0,0.0
1170,0.0,0.0,0.0,0.0
1171,0.0,0.0,0.0,0.0
1172,0.6369,0.244,0.0,0.756
1173,0.8653,0.548,0.0,0.452
1174,0.0,0.0,0.0,0.0
1175,-0.1027,0.051,0.04,0.909
1176,0.0,0.0,0.0,0.0
1177,0.0,0.0,0.0,0.0
1178,0.0,0.0,0.0,0.0
1179,0.0,0.0,0.0,0.0
1180,-0.296,0.0,0.064,0.936
1181,0.0,0.0,0.0,0.0
1182,-0.2263,0.0,0.112,0.888
1183,0.0,0.0,0.0,1.0
1184,0.7432,0.17,0.116,0.714
1185,0.6369,0.141,0.065,0.795
1186,0.5859,0.186,0.0,0.814
1187,0.8694,0.259,0.044,0.697
1188,0.6696,0.282,0.0,0.718
1189,0.0,0.0,0.0,0.0
1190,0.8883,0.154,0.054,0.791
1191,0.0,0.0,0.0,0.0
1192,-0.8422,0.099,0.189,0.713
1193,0.0,0.0,0.0,0.0
1194,0.0,0.0,0.0,0.0
1195,0.0,0.0,0.0,1.0
1196,0.6275,0.169,0.0,0.831
1197,0.0,0.0,0.0,0.0
1198,0.5859,0.487,0.0,0.513
1199,0.4404,0.236,0.187,0.577
1200,-0.0772,0.152,0.126,0.722
1201,0.0,0.0,0.0,0.0
1202,0.0,0.0,0.0,1.0
1203,0.0,0.0,0.0,0.0
1204,0.8762,0.092,0.017,0.89
1205,-0.2023,0.0,0.167,0.833
1206,0.7543,0.158,0.057,0.784
1207,-0.4215,0.056,0.142,0.802
1208,0.0,0.0,0.0,0.0
1209,0.8622,0.215,0.091,0.694
1210,0.0,0.0,0.0,0.0
1211,0.0,0.0,0.0,0.0
1212,0.4215,0.157,0.0,0.843
1213,0.0,0.0,0.0,0.0
1214,0.675,0.239,0.055,0.707
1215,0.0,0.0,0.0,0.0
1216,0.4404,0.162,0.0,0.838
1217,0.8779,1.0,0.0,0.0
1218,0.5994,0.12,0.0,0.88
1219,0.8268,0.175,0.0,0.825
1220,-0.34,0.0,0.231,0.769
1221,0.2023,0.114,0.0,0.886
1222,0.0,0.0,0.0,1.0
1223,0.0,0.0,0.0,0.0
1224,0.0,0.0,0.0,0.0
1225,0.8225,0.15,0.067,0.783
1226,0.0,0.0,0.0,1.0
1227,0.0,0.0,0.0,0.0
1228,0.0,0.0,0.0,0.0
1229,0.0,0.0,0.0,0.0
1230,0.0,0.0,0.0,1.0
1231,0.0,0.0,0.0,1.0
1232,0.0,0.0,0.0,0.0
1233,0.8243,0.137,0.0,0.863
1234,0.0,0.0,0.0,0.0
1235,0.34,0.211,0.0,0.789
1236,0.0,0.0,0.0,0.0
1237,0.0,0.0,0.0,0.0
1238,0.7906,0.421,0.0,0.579
1239,0.0,0.0,0.0,0.0
1240,0.0,0.0,0.0,0.0
1241,0.0,0.0,0.0,0.0
1242,0.0,0.0,0.0,0.0
1243,0.0,0.0,0.0,0.0
1244,0.0,0.0,0.0,0.0
1245,0.0,0.0,0.0,0.0
1246,0.0,0.0,0.0,0.0
1247,0.4926,0.268,0.137,0.596
1248,0.8402,0.188,0.0,0.812
1249,0.0,0.0,0.0,0.0
1250,0.0,0.0,0.0,0.0
1251,0.0,0.0,0.0,0.0
1252,0.0,0.0,0.0,0.0
1253,0.8356,0.406,0.0,0.594
1254,0.4939,0.244,0.0,0.756
1255,0.0,0.0,0.0,0.0
1256,0.0,0.0,0.0,0.0
1257,0.0,0.0,0.0,0.0
1258,0.9789,0.198,0.049,0.753
1259,0.0,0.0,0.0,0.0
1260,0.0,0.0,0.0,0.0
1261,0.0,0.0,0.0,0.0
1262,0.0258,0.048,0.0,0.952
1263,0.0,0.0,0.0,0.0
1264,0.0,0.0,0.0,0.0
1265,0.0,0.0,0.0,0.0
1266,0.0,0.0,0.0,0.0
1267,0.0,0.0,0.0,0.0
1268,0.0,0.0,0.0,0.0
1269,0.0,0.0,0.0,0.0
1270,0.0,0.0,0.0,0.0
1271,0.0,0.0,0.0,1.0
1272,-0.3612,0.0,0.2,0.8
1273,0.0,0.0,0.0,0.0
1274,0.0,0.0,0.0,0.0
1275,0.0,0.0,0.0,0.0
1276,0.0,0.0,0.0,0.0
1277,0.0,0.0,0.0,1.0
1278,-0.4416,0.067,0.18,0.753
1279,0.0,0.0,0.0,0.0
1280,0.8439,0.82,0.0,0.18
1281,0.3205,0.089,0.04,0.871
1282,0.0,0.0,0.0,0.0
1283,0.0,0.0,0.0,0.0
1284,0.0,0.0,0.0,0.0
1285,-0.022,0.217,0.224,0.559
1286,0.0,0.0,0.0,0.0
1287,0.0,0.0,0.0,1.0
1288,0.0,0.0,0.0,0.0
1289,0.0,0.0,0.0,0.0
1290,0.0,0.0,0.0,0.0
1291,0.0,0.0,0.0,0.0
1292,0.6249,0.255,0.0,0.745
1293,0.0,0.0,0.0,0.0
1294,0.0,0.0,0.0,0.0
1295,0.0,0.0,0.0,0.0
1296,0.0,0.0,0.0,0.0
1297,0.8156,0.19,0.0,0.81
1298,0.0,0.0,0.0,0.0
1299,0.0,0.0,0.0,0.0
1300,0.0,0.0,0.0,0.0
1301,0.0,0.0,0.0,0.0
1302,0.0,0.0,0.0,0.0
1303,0.0,0.0,0.0,0.0
1304,0.0,0.0,0.0,0.0
1305,0.4127,0.074,0.042,0.885
1306,0.0,0.0,0.0,0.0
1307,0.0,0.0,0.0,0.0
1308,0.0,0.0,0.0,0.0
1309,0.0,0.0,0.0,0.0
1310,0.0,0.0,0.0,0.0
1311,0.7345,0.181,0.0,0.819
1312,0.8516,0.149,0.0,0.851
1313,0.0,0.0,0.0,0.0
1314,0.0,0.0,0.0,0.0
1315,0.0,0.0,0.0,0.0
1316,0.0,0.0,0.0,0.0
1317,0.0,0.0,0.0,0.0
1318,0.0,0.0,0.0,0.0
1319,0.7783,0.531,0.0,0.469
1320,0.6369,0.318,0.0,0.682
1321,0.6249,0.406,0.0,0.594
1322,0.0,0.0,0.0,1.0
1323,-0.3535,0.0,0.141,0.859
1324,0.0,0.0,0.0,0.0
1325,0.0,0.0,0.0,0.0
1326,0.9517,0.159,0.0,0.841
1327,0.0,0.0,0.0,0.0
1328,0.0,0.0,0.0,0.0
1329,0.0,0.0,0.0,0.0
1330,0.0,0.0,0.0,1.0
1331,0.9897,0.221,0.021,0.758
1332,0.0,0.0,0.0,0.0
1333,0.0,0.0,0.0,0.0
1334,0.8705,0.361,0.0,0.639
1335,0.0,0.0,0.0,0.0
1336,0.9485,0.378,0.0,0.622
1337,0.0,0.0,0.0,0.0
1338,0.6322,0.233,0.0,0.767
1339,0.9574,0.175,0.02,0.805
1340,0.0,0.0,0.0,0.0
1341,0.9824,0.156,0.042,0.802
1342,0.8702,0.287,0.0,0.713
1343,0.0,0.0,0.0,0.0
1344,0.0516,0.107,0.099,0.794
1345,0.8478,0.891,0.0,0.109
1346,0.0,0.0,0.0,1.0
1347,0.3382,0.705,0.0,0.295
1348,0.0,0.0,0.0,0.0
1349,0.0,0.0,0.0,1.0
1350,0.0,0.0,0.0,0.0
1351,0.4574,0.749,0.0,0.251
1352,0.0,0.0,0.0,0.0
1353,0.0,0.0,0.0,0.0
1354,0.0,0.0,0.0,0.0
1355,0.0,0.0,0.0,0.0
1356,0.0,0.0,0.0,0.0
1357,0.0,0.0,0.0,0.0
1358,0.0,0.0,0.0,0.0
1359,0.0258,0.094,0.09,0.816
1360,0.8442,0.236,0.074,0.69
1361,0.0,0.0,0.0,0.0
1362,0.9595,0.162,0.02,0.818
1363,0.0,0.0,0.0,0.0
1364,0.0,0.0,0.0,0.0
1365,0.0,0.0,0.0,0.0
1366,0.0,0.0,0.0,0.0
1367,0.0,0.0,0.0,1.0
1368,0.4404,0.244,0.0,0.756
1369,0.4753,0.306,0.0,0.694
1370,0.802,0.59,0.0,0.41
1371,0.0,0.0,0.0,0.0
1372,0.0,0.0,0.0,0.0
1373,0.5423,0.208,0.085,0.707
1374,0.0,0.0,0.0,0.0
1375,0.0,0.0,0.0,1.0
1376,0.0,0.0,0.0,0.0
1377,0.0,0.0,0.0,0.0
1378,0.0,0.0,0.0,1.0
1379,-0.2675,0.06,0.071,0.869
1380,0.7133,0.084,0.046,0.87
1381,0.865,0.184,0.0,0.816
1382,0.0,0.0,0.0,0.0
1383,0.0,0.0,0.0,0.0
1384,0.0,0.0,0.0,0.0
1385,0.0,0.0,0.0,0.0
1386,0.0,0.0,0.0,0.0
1387,0.0,0.0,0.0,0.0
1388,-0.6124,0.126,0.27,0.603
1389,0.0,0.0,0.0,0.0
1390,0.0,0.0,0.0,0.0
1391,0.0,0.0,0.0,0.0
1392,0.0,0.0,0.0,0.0
1393,-0.27,0.067,0.08,0.852
1394,0.0,0.0,0.0,1.0
1395,0.0,0.0,0.0,0.0
1396,0.0,0.0,0.0,0.0
1397,0.0,0.0,0.0,0.0
1398,0.9829,0.151,0.057,0.792
1399,0.0,0.0,0.0,1.0
1400,0.0,0.0,0.0,0.0
1401,0.0,0.0,0.0,0.0
1402,0.4019,0.73,0.0,0.27
1403,0.0,0.0,0.0,0.0
1404,0.0,0.0,0.0,0.0
1405,0.0,0.0,0.0,0.0
1406,0.0,0.0,0.0,0.0
1407,0.0,0.0,0.0,0.0
1408,0.0,0.0,0.0,0.0
1409,-0.128,0.175,0.242,0.583
1410,0.0,0.0,0.0,0.0
1411,-0.296,0.0,0.167,0.833
1412,0.0,0.0,0.0,0.0
1413,0.0,0.0,0.0,0.0
1414,0.6682,0.163,0.0,0.837
1415,0.6705,0.157,0.045,0.798
1416,0.0,0.0,0.0,0.0
1417,0.762,0.304,0.0,0.696
1418,0.6597,0.241,0.0,0.759
1419,0.9008,0.385,0.083,0.532
1420,0.7579,0.321,0.0,0.679
1421,0.7351,0.124,0.046,0.829
1422,0.0,0.0,0.0,1.0
1423,0.765,0.266,0.0,0.734
1424,0.0,0.0,0.0,0.0
1425,0.0,0.0,0.0,0.0
1426,0.9781,0.23,0.061,0.71
1427,0.6124,0.122,0.0,0.878
1428,0.3094,0.132,0.077,0.792
1429,0.0,0.0,0.0,0.0
1430,0.0,0.0,0.0,1.0
1431,0.968,0.221,0.036,0.743
1432,0.0,0.0,0.0,0.0
1433,0.5562,0.123,0.047,0.83
1434,0.0,0.0,0.0,0.0
1435,0.0,0.0,0.0,0.0
1436,0.0,0.0,0.0,0.0
1437,0.0,0.0,0.0,0.0
1438,0.0,0.0,0.0,0.0
1439,0.0,0.0,0.0,0.0
1440,0.1655,0.073,0.0,0.927
1441,0.0,0.0,0.0,1.0
1442,0.0,0.0,0.0,0.0
1443,0.0,0.0,0.0,0.0
1444,0.0,0.0,0.0,0.0
1445,0.0,0.0,0.0,0.0
1446,0.0,0.0,0.0,0.0
1447,0.8773,0.236,0.0,0.764
1448,0.8645,0.141,0.0,0.859
1449,0.9908,0.189,0.032,0.78
1450,0.9992,0.218,0.036,0.746
1451,0.0,0.0,0.0,1.0
1452,-0.4648,0.022,0.07,0.908
1453,-0.5106,0.0,0.099,0.901
1454,0.2732,0.058,0.0,0.942
1455,0.9754,0.259,0.12,0.622
1456,0.0,0.0,0.0,0.0
1457,0.0,0.0,0.0,0.0
1458,0.6249,0.406,0.0,0.594
1459,0.0,0.0,0.0,0.0
1460,0.8622,0.207,0.068,0.725
1461,0.0,0.0,0.0,0.0
1462,0.3818,0.067,0.0,0.933
1463,0.719,0.256,0.077,0.667
1464,0.0,0.0,0.0,0.0
1465,0.5927,0.278,0.0,0.722
1466,0.0,0.0,0.0,0.0
1467,-0.7326,0.089,0.165,0.746
1468,0.0,0.0,0.0,0.0
1469,0.7579,0.271,0.051,0.678
1470,0.9903,0.134,0.028,0.838
1471,0.0,0.0,0.0,0.0
1472,0.0,0.0,0.0,0.0
1473,0.4019,1.0,0.0,0.0
1474,0.8906,0.17,0.018,0.811
1475,0.9606,0.362,0.0,0.638
1476,0.0,0.0,0.0,1.0
1477,0.0,0.0,0.0,0.0
1478,0.6419,0.28,0.084,0.635
1479,0.0,0.0,0.0,1.0
1480,0.9361,0.183,0.064,0.753
1481,0.2255,0.049,0.0,0.951
1482,0.3855,0.162,0.142,0.696
1483,0.6249,0.506,0.0,0.494
1484,0.0,0.0,0.0,0.0
1485,0.09,0.077,0.062,0.86
1486,0.0,0.0,0.0,0.0
1487,0.8313,0.394,0.0,0.606
1488,0.0,0.0,0.0,0.0
1489,0.4131,0.115,0.0,0.885
1490,0.9383,0.141,0.098,0.76
1491,0.4404,0.326,0.0,0.674
1492,0.6124,0.294,0.0,0.706
1493,0.7243,0.187,0.078,0.735
1494,0.9801,0.269,0.02,0.711
1495,0.3612,0.116,0.0,0.884
1496,0.4019,0.137,0.0,0.863
1497,-0.296,0.0,0.306,0.694
1498,0.6597,0.293,0.0,0.707
1499,0.0184,0.109,0.1,0.791
1500,0.0,0.0,0.0,0.0
1501,0.7869,0.125,0.017,0.858
1502,0.0,0.0,0.0,0.0
1503,0.1531,0.112,0.089,0.799
1504,0.7273,0.114,0.035,0.851
1505,0.8098,0.595,0.0,0.405
1506,-0.5994,0.0,0.205,0.795
1507,0.0,0.0,0.0,0.0
1508,0.0,0.0,0.0,0.0
1509,0.68,0.21,0.0,0.79
1510,0.0,0.0,0.0,0.0
1511,0.9598,0.356,0.042,0.602
1512,0.0,0.0,0.0,0.0
1513,-0.6124,0.093,0.278,0.63
1514,0.2244,0.178,0.153,0.668
1515,-0.5719,0.0,0.236,0.764
1516,0.8316,0.161,0.054,0.784
1517,-0.431,0.122,0.244,0.634
1518,0.9427,0.133,0.092,0.775
1519,0.68,0.189,0.0,0.811
1520,0.4215,0.149,0.0,0.851
1521,0.5106,0.355,0.0,0.645
1522,-0.3407,0.11,0.101,0.789
1523,0.998,0.264,0.031,0.705
1524,0.9417,0.156,0.0,0.844
1525,-0.383,0.0,0.074,0.926
1526,0.9273,0.211,0.082,0.707
1527,0.4019,0.124,0.0,0.876
1528,0.6486,0.31,0.0,0.69
1529,0.4215,0.109,0.0,0.891
1530,0.8424,0.251,0.0,0.749
1531,0.4404,0.225,0.0,0.775
1532,0.2732,0.208,0.113,0.679
1533,0.9624,0.22,0.02,0.76
1534,0.0,0.0,0.0,0.0
1535,0.0,0.0,0.0,0.0
1536,0.0,0.0,0.0,0.0
1537,0.0,0.0,0.0,0.0
1538,0.1531,0.209,0.155,0.636
1539,0.9062,0.317,0.0,0.683
1540,0.4215,0.113,0.0,0.887
1541,0.7177,0.261,0.0,0.739
1542,0.0,0.0,0.0,0.0
1543,-0.3089,0.0,0.086,0.914
1544,0.0,0.0,0.0,0.0
1545,0.0,0.0,0.0,0.0
1546,0.0,0.0,0.0,0.0
1547,0.0,0.0,0.0,0.0
1548,-0.4588,0.0,0.3,0.7
1549,0.0,0.0,0.0,1.0
1550,0.0,0.0,0.0,0.0
1551,0.0,0.0,0.0,0.0
1552,0.0,0.0,0.0,0.0
1553,0.802,0.263,0.0,0.737
1554,0.6908,0.251,0.0,0.749
1555,0.7906,0.111,0.0,0.889
1556,-0.3182,0.0,0.108,0.892
1557,-0.3955,0.12,0.169,0.711
1558,0.0,0.0,0.0,0.0
1559,0.0,0.0,0.0,0.0
1560,0.0,0.0,0.0,0.0
1561,0.1504,0.109,0.097,0.794
1562,0.1298,0.15,0.163,0.687
1563,-0.0516,0.0,0.062,0.938
1564,-0.4767,0.147,0.209,0.644
1565,0.0,0.0,0.0,0.0
1566,0.168,0.113,0.126,0.761
1567,0.8912,0.207,0.047,0.746
1568,0.7845,0.664,0.0,0.336
1569,0.3149,0.093,0.072,0.835
1570,0.1882,0.081,0.071,0.848
1571,0.0,0.0,0.0,0.0
1572,0.7845,0.125,0.05,0.825
1573,0.0258,0.019,0.0,0.981
1574,0.7786,0.171,0.1,0.729
1575,0.5499,0.233,0.068,0.699
1576,0.0,0.0,0.0,0.0
1577,0.9773,0.308,0.037,0.655
1578,0.4215,0.104,0.0,0.896
1579,0.8573,0.422,0.096,0.481
1580,0.4615,0.07,0.0,0.93
1581,0.0,0.0,0.0,1.0
1582,0.7494,0.113,0.074,0.813
1583,0.0,0.0,0.0,0.0
1584,0.0,0.0,0.0,0.0
1585,-0.4767,0.0,0.756,0.244
1586,0.0,0.0,0.0,0.0
1587,0.4926,0.197,0.0,0.803
1588,0.0,0.0,0.0,0.0
1589,-0.4019,0.0,0.035,0.965
1590,0.9478,0.121,0.026,0.854
1591,0.0,0.0,0.0,0.0
1592,0.743,0.189,0.0,0.811
1593,0.0,0.0,0.0,0.0
1594,0.0,0.0,0.0,1.0
1595,0.7783,0.694,0.0,0.306
1596,0.3182,0.042,0.0,0.958
1597,0.9694,0.354,0.0,0.646
1598,0.0,0.0,0.0,0.0
1599,0.4019,1.0,0.0,0.0
1600,0.9098,0.237,0.037,0.726
1601,0.9953,0.237,0.04,0.723
1602,0.9914,0.321,0.074,0.605
1603,0.0,0.0,0.0,0.0
1604,0.0,0.0,0.0,0.0
1605,0.0,0.0,0.0,0.0
1606,0.0,0.0,0.0,0.0
1607,0.0,0.0,0.0,0.0
1608,0.6696,0.692,0.0,0.308
1609,0.9653,0.255,0.0,0.745
1610,0.0,0.0,0.0,1.0
1611,0.7088,0.204,0.0,0.796
1612,0.7226,0.161,0.077,0.762
1613,0.7741,0.179,0.06,0.762
1614,0.0,0.0,0.0,0.0
1615,0.4019,0.351,0.0,0.649
1616,0.0,0.0,0.0,1.0
1617,0.0,0.0,0.0,0.0
1618,0.0,0.0,0.0,0.0
1619,0.0,0.0,0.0,1.0
1620,0.0,0.0,0.0,0.0
1621,0.0,0.0,0.0,0.0
1622,0.0,0.0,0.0,0.0
1623,0.7499,0.425,0.0,0.575
1624,0.0,0.0,0.0,0.0
1625,0.2732,0.512,0.0,0.488
1626,0.4588,0.115,0.0,0.885
1627,0.0,0.0,0.0,0.0
1628,0.0,0.0,0.0,0.0
1629,0.0,0.0,0.0,0.0
1630,0.0,0.0,0.0,0.0
1631,-0.91,0.0,0.173,0.827
1632,0.0,0.0,0.0,0.0
1633,0.0,0.0,0.0,1.0
1634,0.6808,0.248,0.0,0.752
1635,0.9517,0.244,0.0,0.756
1636,0.981,0.129,0.032,0.84
1637,0.0,0.0,0.0,0.0
1638,0.0,0.0,0.0,0.0
1639,0.0,0.0,0.0,1.0
1640,0.5647,0.061,0.019,0.92
1641,0.0,0.0,0.0,0.0
1642,0.0,0.0,0.0,0.0
1643,-0.34,0.0,0.13,0.87
1644,0.9568,0.189,0.0,0.811
1645,0.0,0.0,0.0,0.0
1646,0.3691,0.148,0.106,0.747
1647,0.7964,0.144,0.0,0.856
1648,0.9584,0.306,0.056,0.639
1649,0.9566,0.183,0.029,0.788
1650,0.0,0.0,0.0,1.0
1651,0.7606,0.147,0.085,0.768
1652,0.0,0.0,0.0,0.0
1653,0.9866,0.185,0.058,0.757
1654,0.6249,0.362,0.0,0.638
1655,0.9922,0.211,0.055,0.735
1656,0.0,0.0,0.0,0.0
1657,0.9201,0.235,0.0,0.765
1658,0.6348,0.21,0.152,0.638
1659,-0.4019,0.0,0.109,0.891
1660,0.0,0.0,0.0,0.0
1661,0.4019,1.0,0.0,0.0
1662,0.0,0.0,0.0,1.0
1663,0.999,0.225,0.104,0.671
1664,0.8355,0.153,0.08,0.766
1665,0.0,0.0,0.0,1.0
1666,0.0,0.0,0.0,1.0
1667,0.3182,0.054,0.0,0.946
1668,0.6597,0.351,0.0,0.649
1669,0.0,0.0,0.0,0.0
1670,0.7712,0.261,0.127,0.612
1671,0.9892,0.348,0.051,0.601
1672,0.5927,0.133,0.062,0.806
1673,0.9637,0.164,0.096,0.74
1674,0.0,0.0,0.0,0.0
1675,0.5719,0.552,0.0,0.448
1676,0.9514,0.31,0.034,0.656
1677,0.6249,0.204,0.0,0.796
1678,0.4278,0.122,0.08,0.798
1679,0.0,0.0,0.0,0.0
1680,0.9215,0.569,0.0,0.431
1681,0.0,0.0,0.0,0.0
1682,0.7118,0.542,0.0,0.458
1683,0.0,0.0,0.0,0.0
1684,0.0,0.0,0.0,0.0
1685,0.0,0.0,0.0,0.0
1686,0.705,0.097,0.022,0.88
1687,0.9977,0.288,0.02,0.692
1688,0.3832,0.259,0.139,0.602
1689,0.0,0.0,0.0,0.0
1690,0.7269,0.604,0.0,0.396
1691,0.0,0.0,0.0,0.0
1692,0.0,0.0,0.0,0.0
1693,0.0,0.0,0.0,0.0
1694,-0.4215,0.0,0.064,0.936
1695,0.3612,0.172,0.0,0.828
1696,0.997,0.16,0.043,0.796
1697,0.0772,0.189,0.144,0.667
1698,-0.6613,0.024,0.113,0.863
1699,0.0,0.0,0.0,0.0
1700,0.0,0.0,0.0,1.0
1701,0.9815,0.213,0.01,0.776
1702,-0.7873,0.039,0.128,0.834
1703,0.0,0.0,0.0,1.0
1704,0.0,0.0,0.0,1.0
1705,0.0,0.0,0.0,0.0
1706,0.0,0.0,0.0,1.0
1707,0.6486,0.112,0.0,0.888
1708,0.0,0.0,0.0,0.0
1709,0.8847,0.187,0.0,0.813
1710,0.4767,0.11,0.049,0.841
1711,0.2263,0.147,0.0,0.853
1712,-0.2075,0.154,0.221,0.625
1713,0.0,0.0,0.0,0.0
1714,0.0,0.0,0.0,0.0
1715,0.0,0.0,0.0,0.0
1716,0.9661,0.35,0.036,0.614
1717,0.0,0.0,0.0,0.0
1718,0.0,0.0,0.0,0.0
1719,-0.2263,0.113,0.191,0.696
1720,-0.2755,0.0,0.513,0.487
1721,-0.9049,0.044,0.197,0.759
1722,0.0,0.0,0.0,0.0
1723,0.0,0.0,0.0,0.0
1724,0.7902,0.5,0.0,0.5
1725,-0.6611,0.105,0.179,0.716
1726,0.7959,0.336,0.0,0.664
1727,0.0,0.0,0.0,0.0
1728,0.9678,0.204,0.043,0.753
1729,0.7457,0.169,0.083,0.749
1730,-0.5719,0.022,0.069,0.909
1731,0.8404,0.083,0.0,0.917
1732,0.0,0.0,0.0,1.0
1733,-0.0258,0.059,0.106,0.835
1734,0.0,0.0,0.0,0.0
1735,0.2732,0.137,0.083,0.78
1736,0.9948,0.199,0.043,0.758
1737,0.7992,0.119,0.054,0.827
1738,0.9778,0.266,0.017,0.716
1739,0.5106,0.114,0.048,0.838
1740,0.6249,0.221,0.0,0.779
1741,0.8197,0.29,0.072,0.639
1742,0.9381,0.208,0.024,0.768
1743,0.6369,0.722,0.0,0.278
1744,0.8123,0.173,0.035,0.792
1745,0.8645,0.121,0.055,0.824
1746,0.9388,0.166,0.037,0.798
1747,0.8568,0.167,0.082,0.751
1748,0.956,0.161,0.069,0.77
1749,0.939,0.169,0.128,0.703
1750,-0.9594,0.088,0.145,0.767
1751,0.875,0.192,0.0,0.808
1752,0.4767,0.154,0.0,0.846
1753,0.0,0.0,0.0,0.0
1754,0.875,0.138,0.017,0.845
1755,-0.4001,0.092,0.12,0.788
1756,0.6943,0.141,0.058,0.802
1757,-0.4929,0.036,0.098,0.866
1758,0.3405,0.117,0.085,0.797
1759,0.9279,0.236,0.125,0.638
1760,0.1618,0.083,0.073,0.844
1761,0.0,0.0,0.0,0.0
1762,0.0,0.0,0.0,0.0
1763,0.9105,0.178,0.111,0.71
1764,0.4012,0.053,0.0,0.947
1765,0.9009,0.15,0.074,0.776
1766,-0.0516,0.071,0.078,0.851
1767,0.9798,0.361,0.029,0.61
1768,0.0,0.0,0.0,1.0
1769,-0.5411,0.0,0.07,0.93
1770,0.9919,0.298,0.027,0.676
1771,0.196,0.082,0.06,0.857
1772,0.4576,0.108,0.0,0.892
1773,0.9822,0.206,0.019,0.775
1774,0.6822,0.161,0.121,0.717
1775,0.0,0.0,0.0,0.0
1776,0.0,0.0,0.0,0.0
1777,0.9817,0.254,0.024,0.722
1778,0.8847,0.152,0.053,0.795
1779,0.9088,0.184,0.048,0.768
1780,0.9252,0.115,0.018,0.866
1781,0.25,0.228,0.228,0.543
1782,0.0,0.0,0.0,0.0
1783,0.1531,0.047,0.037,0.915
1784,0.9778,0.268,0.182,0.55
1785,0.6369,0.839,0.0,0.161
1786,0.8805,0.348,0.062,0.59
1787,0.3382,0.09,0.043,0.867
1788,0.0,0.0,0.0,1.0
1789,0.3678,0.099,0.107,0.793
1790,0.0,0.0,0.0,0.0
1791,0.0,0.0,0.0,0.0
1792,0.0,0.0,0.0,1.0
1793,0.5418,0.108,0.073,0.819
1794,0.9347,0.176,0.09,0.734
1795,0.9707,0.28,0.046,0.674
1796,0.0,0.0,0.0,0.0
1797,0.0,0.0,0.0,0.0
1798,-0.5873,0.071,0.155,0.774
1799,0.9868,0.187,0.041,0.772
1800,0.286,0.151,0.112,0.736
1801,0.9135,0.26,0.039,0.701
1802,0.7096,0.365,0.0,0.635
1803,0.8139,0.112,0.045,0.843
1804,0.9957,0.155,0.05,0.796
1805,0.25,0.216,0.145,0.638
1806,0.872,0.264,0.103,0.633
1807,0.7861,0.106,0.046,0.848
1808,0.0,0.0,0.0,0.0
1809,0.6419,0.112,0.114,0.774
1810,0.0,0.0,0.0,0.0
1811,0.0,0.0,0.0,0.0
1812,0.0,0.0,0.0,0.0
1813,0.0,0.0,0.0,1.0
1814,0.4019,0.73,0.0,0.27
1815,0.2263,0.083,0.0,0.917
1816,0.5562,0.176,0.097,0.727
1817,0.4588,0.6,0.0,0.4
1818,-0.1419,0.048,0.03,0.923
1819,0.3182,0.187,0.0,0.813
1820,0.6697,0.318,0.093,0.588
1821,0.0,0.0,0.0,0.0
1822,0.0,0.0,0.0,0.0
1823,0.8555,0.224,0.0,0.776
1824,0.9136,0.354,0.0,0.646
1825,0.2263,0.043,0.0,0.957
1826,0.8356,0.497,0.0,0.503
1827,0.9757,0.195,0.0,0.805
1828,0.6476,0.167,0.074,0.759
1829,0.0,0.0,0.0,0.0
1830,0.0,0.0,0.0,1.0
1831,0.987,0.232,0.043,0.725
1832,0.5249,0.172,0.155,0.673
1833,-0.2867,0.099,0.109,0.792
1834,0.0,0.0,0.0,0.0
1835,-0.3566,0.0,0.292,0.708
1836,0.7955,0.089,0.025,0.885
1837,0.0,0.0,0.0,0.0
1838,0.8313,0.228,0.037,0.735
1839,0.0,0.0,0.0,0.0
1840,-0.3804,0.0,0.178,0.822
1841,0.9727,0.245,0.058,0.697
1842,0.8817,0.249,0.04,0.712
1843,0.5,0.073,0.0,0.927
1844,0.4215,0.135,0.0,0.865
1845,0.0,0.0,0.0,0.0
1846,-0.8504,0.058,0.162,0.78
1847,0.0,0.0,0.0,0.0
1848,0.1027,0.064,0.055,0.881
1849,0.0,0.0,0.0,0.0
1850,0.0,0.0,0.0,0.0
1851,0.0,0.0,0.0,0.0
1852,0.0,0.0,0.0,0.0
1853,0.0,0.0,0.0,0.0
1854,0.0,0.0,0.0,1.0
1855,0.0,0.0,0.0,1.0
1856,-0.2263,0.103,0.159,0.737
1857,0.3182,0.697,0.0,0.303
1858,0.68,0.097,0.029,0.874
1859,0.0,0.0,0.0,0.0
1860,-0.9313,0.074,0.244,0.682
1861,0.0,0.0,0.0,0.0
1862,0.0,0.0,0.0,1.0
1863,0.9658,0.213,0.022,0.765
1864,0.8221,0.274,0.113,0.613
1865,0.0,0.0,0.0,0.0
1866,0.5148,0.149,0.067,0.784
1867,0.9682,0.234,0.02,0.746
1868,-0.3658,0.037,0.107,0.856
1869,0.0,0.0,0.0,0.0
1870,0.1575,0.074,0.036,0.89
1871,0.0,0.0,0.0,0.0
1872,0.9675,0.139,0.064,0.797
1873,0.0,0.0,0.0,0.0
1874,0.0,0.0,0.0,0.0
1875,0.0,0.0,0.0,1.0
1876,0.4019,0.105,0.0,0.895
1877,0.7177,0.234,0.087,0.679
1878,-0.5849,0.0,0.182,0.818
1879,0.0516,0.117,0.113,0.769
1880,0.8957,0.341,0.056,0.604
1881,-0.9041,0.062,0.202,0.736
1882,0.784,0.147,0.0,0.853
1883,0.4926,1.0,0.0,0.0
1884,-0.8342,0.0,0.293,0.707
1885,0.9781,0.174,0.115,0.712
1886,0.0,0.0,0.0,0.0
1887,0.9975,0.192,0.045,0.763
1888,0.0,0.0,0.0,1.0
1889,0.0,0.0,0.0,0.0
1890,0.0,0.0,0.0,0.0
1891,0.0,0.0,0.0,0.0
1892,0.915,0.247,0.0,0.753
1893,0.0,0.0,0.0,1.0
1894,0.0,0.0,0.0,0.0
1895,0.8885,0.146,0.0,0.854
1896,0.3182,0.204,0.0,0.796
1897,0.0,0.0,0.0,0.0
1898,0.0,0.0,0.0,0.0
1899,0.8705,0.29,0.0,0.71
1900,0.9089,0.247,0.0,0.753
1901,0.0,0.0,0.0,0.0
1902,0.0,0.0,0.0,1.0
1903,0.0,0.0,0.0,0.0
1904,0.0,0.0,0.0,0.0
1905,0.0,0.0,0.0,0.0
1906,0.128,0.136,0.113,0.751
1907,0.0,0.0,0.0,0.0
1908,0.0,0.0,0.0,0.0
1909,0.9915,0.229,0.058,0.713
1910,-0.1761,0.0,0.158,0.842
1911,0.0,0.0,0.0,1.0
1912,0.9489,0.25,0.1,0.65
1913,-0.4215,0.0,0.094,0.906
1914,0.7782,0.133,0.029,0.839
1915,0.7351,0.09,0.0,0.91
1916,0.8997,0.13,0.025,0.845
1917,0.0,0.0,0.0,1.0
1918,0.0,0.0,0.0,0.0
1919,0.8834,0.073,0.049,0.878
1920,0.0,0.0,0.0,0.0
1921,0.0,0.0,0.0,0.0
1922,0.0,0.0,0.0,0.0
1923,-0.5994,0.0,0.159,0.841
1924,-0.2029,0.048,0.062,0.89
1925,0.8573,0.171,0.086,0.743
1926,0.9356,0.112,0.062,0.826
1927,0.0,0.0,0.0,0.0
1928,0.4201,0.125,0.075,0.801
1929,0.2732,0.094,0.067,0.84
1930,0.926,0.182,0.058,0.76
1931,0.0,0.0,0.0,0.0
1932,0.0,0.0,0.0,0.0
1933,-0.5187,0.048,0.094,0.858
1934,0.5838,0.079,0.0,0.921
1935,0.5719,0.079,0.0,0.921
1936,0.9572,0.143,0.048,0.81
1937,0.5106,0.099,0.0,0.901
1938,0.9001,0.113,0.06,0.826
1939,0.0,0.0,0.0,0.0
1940,0.4926,0.166,0.0,0.834
1941,0.6705,0.364,0.188,0.447
1942,0.0,0.0,0.0,0.0
1943,0.7088,0.237,0.0,0.763
1944,0.1779,0.132,0.092,0.776
1945,-0.5574,0.056,0.149,0.795
1946,0.9605,0.192,0.103,0.705
1947,0.9636,0.184,0.1,0.716
1948,0.9899,0.208,0.06,0.732
1949,0.4588,0.129,0.085,0.786
1950,0.8535,0.194,0.0,0.806
1951,0.0,0.0,0.0,0.0
1952,0.9384,0.133,0.111,0.756
1953,0.4767,0.125,0.097,0.778
1954,0.4404,0.083,0.0,0.917
1955,0.2263,0.128,0.0,0.872
1956,0.6652,0.092,0.0,0.908
1957,0.9632,0.132,0.018,0.85
1958,-0.2975,0.186,0.23,0.584
1959,0.0,0.0,0.0,1.0
1960,0.7778,0.459,0.0,0.541
1961,-0.4709,0.141,0.208,0.652
1962,0.631,0.131,0.091,0.779
1963,0.8122,0.259,0.0,0.741
1964,0.9515,0.427,0.037,0.536
1965,0.0,0.0,0.0,1.0
1966,0.0,0.0,0.0,0.0
1967,0.0,0.0,0.0,1.0
1968,0.0,0.0,0.0,0.0
1969,0.6249,0.136,0.0,0.864
1970,0.0,0.0,0.0,1.0
1971,0.0,0.0,0.0,0.0
1972,0.6966,0.204,0.069,0.727
1973,0.296,1.0,0.0,0.0
1974,0.0,0.0,0.0,1.0
1975,0.5095,0.102,0.0,0.898
1976,0.9454,0.102,0.036,0.862
1977,0.9952,0.293,0.083,0.624
1978,0.7534,0.417,0.0,0.583
1979,0.7424,0.11,0.073,0.817
1980,0.9815,0.333,0.024,0.643
1981,0.9821,0.137,0.025,0.838
1982,-0.2533,0.145,0.152,0.703
1983,-0.9504,0.197,0.301,0.502
1984,-0.2263,0.062,0.106,0.831
1985,0.6124,0.167,0.0,0.833
1986,-0.4186,0.037,0.079,0.884
1987,0.9985,0.153,0.054,0.793
1988,0.9981,0.205,0.115,0.68
1989,0.9956,0.188,0.108,0.704
1990,0.9961,0.161,0.05,0.789
1991,0.9651,0.159,0.126,0.714
1992,0.9988,0.154,0.104,0.741
1993,0.9974,0.29,0.064,0.646
1994,0.5069,0.167,0.122,0.711
1995,0.98,0.183,0.0,0.817
1996,0.9909,0.183,0.102,0.715
1997,0.9001,0.387,0.0,0.613
1998,0.0,0.0,0.0,1.0
1999,0.3182,0.223,0.0,0.777
2000,0.9755,0.182,0.034,0.783
2001,0.9989,0.155,0.071,0.774
2002,-0.5719,0.0,0.118,0.882
2003,0.4337,0.078,0.022,0.899
2004,0.0,0.0,0.0,1.0
2005,0.9656,0.143,0.059,0.797
2006,0.9994,0.203,0.103,0.694
2007,0.997,0.213,0.084,0.703
2008,0.9678,0.203,0.135,0.663
2009,0.8302,0.181,0.095,0.724
2010,0.9976,0.324,0.043,0.633
2011,0.9951,0.141,0.066,0.793
2012,0.7399,0.131,0.103,0.767
2013,0.9852,0.213,0.077,0.71
2014,0.9803,0.261,0.071,0.668
2015,0.8172,0.145,0.065,0.79
2016,0.4871,0.174,0.0,0.826
2017,0.2732,0.274,0.224,0.502
2018,0.9973,0.175,0.06,0.765
2019,0.9924,0.113,0.046,0.841
2020,0.9991,0.183,0.056,0.761
2021,0.9933,0.206,0.067,0.727
2022,0.9762,0.169,0.093,0.738
2023,0.9988,0.27,0.046,0.685
2024,0.988,0.325,0.017,0.658
2025,0.9937,0.209,0.024,0.768
2026,0.0,0.0,0.0,0.0
2027,0.4588,0.134,0.091,0.776
2028,0.6239,0.405,0.0,0.595
2029,0.97,0.187,0.0,0.813
2030,0.9982,0.282,0.071,0.647
2031,0.8977,0.189,0.0,0.811
2032,0.784,0.305,0.0,0.695
2033,0.2023,0.19,0.179,0.63
2034,0.4404,0.293,0.0,0.707
2035,0.9576,0.197,0.031,0.772
2036,0.9442,0.142,0.061,0.797
2037,0.96,0.167,0.037,0.796
2038,0.9904,0.389,0.0,0.611
2039,0.0,0.0,0.0,1.0
2040,0.9946,0.232,0.017,0.751
2041,0.9861,0.231,0.084,0.685
2042,0.0,0.0,0.0,0.0
2043,0.0516,0.064,0.083,0.853
2044,0.8779,0.168,0.0,0.832
2045,0.9923,0.226,0.011,0.763
2046,0.4404,0.054,0.0,0.946
2047,0.0,0.0,0.0,0.0
2048,-0.2263,0.086,0.135,0.779
2049,0.802,0.265,0.0,0.735
2050,-0.6614,0.103,0.204,0.693
2051,-0.7717,0.0,0.205,0.795
2052,0.4019,0.574,0.0,0.426
2053,0.9937,0.378,0.05,0.572
2054,0.7892,0.2,0.135,0.665
2055,0.987,0.162,0.081,0.757
2056,0.8541,0.16,0.093,0.746
2057,0.0,0.0,0.0,1.0
2058,0.0,0.0,0.0,0.0
2059,0.8399,0.151,0.055,0.793
2060,0.8618,0.39,0.0,0.61
2061,-0.0994,0.06,0.07,0.87
2062,0.0,0.0,0.0,1.0
2063,0.128,0.094,0.068,0.838
2064,0.2953,0.166,0.13,0.705
2065,-0.3732,0.091,0.13,0.779
2066,0.0,0.0,0.0,0.0
2067,0.8748,0.151,0.045,0.804
2068,0.952,0.284,0.0,0.716
2069,0.9846,0.212,0.125,0.663
2070,0.9948,0.214,0.012,0.774
2071,0.5433,0.448,0.272,0.28
2072,0.9968,0.231,0.048,0.721
2073,0.0,0.0,0.0,0.0
2074,0.9838,0.293,0.041,0.666
2075,0.1128,0.222,0.163,0.616
2076,0.9098,0.311,0.07,0.619
2077,0.0,0.0,0.0,0.0
2078,0.0,0.0,0.0,0.0
2079,0.8507,0.168,0.065,0.768
2080,0.456,0.165,0.138,0.696
2081,0.0,0.0,0.0,0.0
2082,0.0,0.0,0.0,0.0
2083,0.9918,0.188,0.117,0.695
2084,0.9703,0.2,0.058,0.743
2085,0.9211,0.193,0.064,0.743
2086,0.7184,0.25,0.0,0.75
2087,0.0,0.0,0.0,1.0
2088,0.9815,0.253,0.092,0.655
2089,0.995,0.305,0.014,0.681
2090,0.9842,0.206,0.013,0.781
2091,0.9683,0.197,0.032,0.77
2092,0.4019,0.31,0.0,0.69
2093,0.9667,0.143,0.031,0.826
2094,0.8401,0.132,0.082,0.786
2095,0.9497,0.122,0.049,0.828
2096,0.0,0.0,0.0,0.0
2097,-0.3826,0.142,0.116,0.742
2098,0.9898,0.302,0.012,0.686
2099,0.9972,0.258,0.08,0.661
2100,0.5719,0.139,0.035,0.826
2101,0.8498,0.237,0.068,0.695
2102,0.9891,0.234,0.013,0.754
2103,0.9536,0.198,0.036,0.766
2104,0.9644,0.139,0.057,0.805
2105,0.8504,0.332,0.067,0.601
2106,-0.5859,0.06,0.075,0.865
2107,0.9042,0.466,0.0,0.534
2108,0.9577,0.449,0.028,0.523
2109,0.9575,0.206,0.14,0.654
2110,0.0,0.0,0.0,0.0
2111,0.9718,0.49,0.05,0.46
2112,-0.1147,0.08,0.096,0.824
2113,0.9539,0.286,0.038,0.677
2114,0.9965,0.239,0.076,0.686
2115,0.8793,0.096,0.049,0.855
2116,0.4404,0.146,0.0,0.854
2117,0.8168,0.239,0.0,0.761
2118,0.798,0.102,0.012,0.886
2119,0.9852,0.281,0.035,0.684
2120,0.0,0.0,0.0,1.0
2121,0.9873,0.237,0.014,0.749
2122,-0.3919,0.031,0.078,0.89
2123,0.9518,0.139,0.102,0.759
2124,0.0258,0.355,0.0,0.645
2125,-0.4753,0.104,0.121,0.775
2126,0.1324,0.075,0.057,0.868
2127,0.9943,0.153,0.027,0.82
2128,0.9917,0.153,0.026,0.822
2129,0.4939,0.262,0.0,0.738
2130,0.4767,0.163,0.0,0.837
2131,-0.0772,0.28,0.32,0.4
2132,0.9773,0.221,0.023,0.755
2133,0.48,0.112,0.103,0.785
2134,0.995,0.164,0.037,0.799
2135,0.9323,0.16,0.067,0.773
2136,0.296,0.355,0.245,0.4
2137,0.9926,0.144,0.073,0.782
2138,0.9914,0.173,0.043,0.784
2139,0.9601,0.343,0.0,0.657
2140,0.7263,0.415,0.0,0.585
2141,0.9641,0.308,0.0,0.692
2142,0.9284,0.932,0.0,0.068
2143,0.965,0.359,0.107,0.534
2144,-0.5562,0.032,0.098,0.87
2145,0.9693,0.107,0.032,0.862
2146,0.6588,0.468,0.0,0.532
2147,0.6597,0.375,0.0,0.625
2148,0.94,0.148,0.063,0.789
2149,0.8779,0.123,0.0,0.877
2150,0.7681,0.096,0.0,0.904
2151,0.6705,0.733,0.0,0.267
2152,0.8832,0.385,0.0,0.615
2153,0.7579,0.095,0.044,0.86
2154,0.0,0.0,0.0,0.0
2155,0.9568,0.162,0.045,0.793
2156,0.9191,0.145,0.051,0.804
2157,0.0,0.0,0.0,0.0
2158,0.9939,0.317,0.009,0.674
2159,0.9832,0.227,0.047,0.726
2160,0.7003,1.0,0.0,0.0
2161,-0.566,0.075,0.133,0.793
2162,0.9898,0.351,0.021,0.628
2163,0.9914,0.174,0.053,0.773
2164,0.9781,0.227,0.069,0.704
2165,0.6705,0.579,0.0,0.421
2166,0.6369,0.098,0.052,0.85
2167,0.9382,0.166,0.031,0.803
2168,0.8217,0.08,0.018,0.902
2169,0.998,0.22,0.034,0.746
2170,0.2732,0.344,0.0,0.656
2171,0.9078,0.189,0.06,0.752
2172,0.9802,0.234,0.036,0.73
2173,0.6369,0.512,0.0,0.488
2174,0.9672,0.159,0.031,0.809
2175,0.0,0.0,0.0,1.0
2176,0.9941,0.179,0.094,0.727
2177,0.0983,0.083,0.057,0.86
2178,0.8172,0.333,0.0,0.667
2179,0.9858,0.223,0.057,0.72
2180,0.7418,0.201,0.092,0.707
2181,0.0,0.0,0.0,1.0
2182,0.9728,0.18,0.025,0.795
2183,0.9984,0.185,0.024,0.791
2184,0.5697,0.283,0.112,0.605
2185,0.296,0.301,0.151,0.548
2186,0.9946,0.318,0.033,0.649
2187,0.9796,0.182,0.023,0.795
2188,0.9846,0.222,0.059,0.718
2189,0.8497,0.088,0.038,0.874
2190,0.0,0.0,0.0,1.0
2191,0.0772,0.098,0.092,0.809
2192,0.6183,0.162,0.116,0.722
2193,0.9882,0.111,0.063,0.826
2194,0.0,0.0,0.0,0.0
2195,0.0,0.0,0.0,1.0
2196,0.4588,0.101,0.053,0.845
2197,0.9969,0.383,0.055,0.562
2198,0.9655,0.239,0.025,0.736
2199,0.9867,0.211,0.05,0.739
2200,-0.296,0.0,0.268,0.732
2201,0.9352,0.376,0.0,0.624
2202,0.8516,0.364,0.0,0.636
2203,0.9925,0.179,0.13,0.69
2204,0.9232,0.218,0.037,0.746
2205,0.34,0.324,0.0,0.676
2206,0.9769,0.179,0.044,0.777
2207,0.9927,0.153,0.037,0.811
2208,0.9803,0.143,0.054,0.802
2209,0.9542,0.364,0.034,0.602
2210,-0.4497,0.076,0.117,0.806
2211,0.9615,0.299,0.057,0.644
2212,0.8963,0.103,0.011,0.886
2213,0.9975,0.15,0.049,0.801
2214,0.8815,0.211,0.023,0.767
2215,0.6249,0.231,0.0,0.769
2216,0.3612,0.385,0.0,0.615
2217,0.9972,0.214,0.069,0.717
2218,-0.4491,0.069,0.093,0.838
2219,-0.8722,0.147,0.159,0.694
2220,0.4588,0.077,0.034,0.889
2221,0.9012,0.294,0.0,0.706
2222,0.9884,0.155,0.075,0.77
2223,0.8101,0.269,0.18,0.551
2224,0.5267,0.654,0.218,0.128
2225,0.0258,1.0,0.0,0.0
2226,0.296,0.095,0.0,0.905
2227,0.9894,0.217,0.058,0.724
2228,0.743,0.196,0.0,0.804
2229,0.1779,0.18,0.153,0.668
2230,0.9832,0.2,0.033,0.766
2231,-0.504,0.013,0.054,0.933
2232,0.893,0.187,0.12,0.693
2233,0.0,0.0,0.0,1.0
2234,0.7958,0.109,0.0,0.891
2235,0.9744,0.237,0.0,0.763
2236,0.4402,0.211,0.164,0.626
2237,0.9869,0.181,0.018,0.801
2238,0.1779,0.206,0.156,0.638
2239,0.8356,0.295,0.093,0.612
2240,0.9762,0.108,0.046,0.846
2241,0.9683,0.148,0.009,0.843
2242,0.9992,0.187,0.069,0.744
2243,0.1531,0.165,0.129,0.706
2244,0.8338,0.179,0.129,0.692
2245,0.6969,0.128,0.033,0.839
2246,0.0,0.0,0.0,1.0
2247,0.765,0.135,0.079,0.785
2248,0.0,0.0,0.0,1.0
2249,0.0,0.0,0.0,0.0
2250,0.0,0.0,0.0,1.0
2251,0.9564,0.266,0.049,0.685
2252,-0.8176,0.052,0.216,0.732
2253,0.6486,0.273,0.144,0.584
2254,0.8622,0.312,0.0,0.688
2255,0.8883,0.15,0.034,0.816
2256,0.9916,0.226,0.096,0.678
2257,-0.296,0.0,0.155,0.845
2258,-0.9061,0.042,0.149,0.808
2259,0.7232,0.166,0.071,0.764
2260,0.9538,0.205,0.029,0.766
2261,0.9935,0.152,0.07,0.779
2262,0.9854,0.162,0.018,0.82
2263,0.5789,0.188,0.093,0.719
2264,-0.1137,0.098,0.093,0.809
2265,0.9681,0.241,0.064,0.695
2266,0.9844,0.288,0.036,0.676
2267,0.4939,0.207,0.089,0.705
2268,0.9514,0.35,0.069,0.581
2269,0.9641,0.234,0.053,0.713
2270,0.9933,0.152,0.048,0.8
2271,0.8221,0.162,0.095,0.743
2272,0.8772,0.251,0.0,0.749
2273,0.8774,0.214,0.0,0.786
2274,0.9548,0.186,0.085,0.729
2275,0.9505,0.239,0.1,0.661
2276,0.9611,0.095,0.023,0.882
2277,0.7884,0.185,0.047,0.768
2278,0.9653,0.268,0.025,0.707
2279,0.358,0.157,0.132,0.711
2280,0.9829,0.166,0.042,0.792
2281,0.7424,0.114,0.0,0.886
2282,0.1531,0.102,0.078,0.82
2283,0.7276,0.081,0.046,0.874
2284,0.9424,0.257,0.0,0.743
2285,0.9974,0.195,0.042,0.763
2286,0.5994,0.182,0.0,0.818
2287,0.0,0.0,0.0,1.0
2288,0.9512,0.156,0.045,0.799
2289,0.5551,0.642,0.0,0.358
2290,0.9914,0.221,0.069,0.71
2291,0.9919,0.329,0.021,0.65
2292,0.7177,0.161,0.034,0.805
2293,0.9933,0.357,0.041,0.601
2294,0.9826,0.199,0.035,0.766
2295,0.9837,0.189,0.022,0.789
2296,0.0,0.0,0.0,1.0
2297,0.0772,0.224,0.188,0.588
2298,0.7135,0.121,0.047,0.832
2299,0.8168,0.191,0.0,0.809
2300,0.9879,0.185,0.076,0.74
2301,0.9932,0.2,0.035,0.765
2302,0.8519,0.288,0.0,0.712
2303,0.0,0.0,0.0,0.0
2304,0.296,0.688,0.0,0.312
2305,0.9849,0.245,0.035,0.72
2306,0.9304,0.211,0.022,0.767
2307,0.4912,0.089,0.04,0.871
2308,0.5098,0.055,0.026,0.919
2309,0.9057,0.45,0.0,0.55
2310,0.0,0.0,0.0,1.0
2311,0.8441,0.274,0.054,0.673
2312,-0.6621,0.078,0.118,0.804
2313,0.5994,0.125,0.036,0.839
2314,0.9987,0.239,0.027,0.735
2315,-0.6626,0.129,0.142,0.729
2316,0.9314,0.208,0.0,0.792
2317,0.8985,0.204,0.073,0.723
2318,0.4404,0.14,0.075,0.785
2319,0.9987,0.204,0.059,0.737
2320,0.9751,0.178,0.066,0.756
2321,0.8011,0.2,0.055,0.745
2322,0.8904,0.335,0.0,0.665
2323,0.8357,0.193,0.063,0.745
2324,0.9811,0.11,0.047,0.842
2325,0.9934,0.199,0.049,0.752
2326,0.3489,0.055,0.0,0.945
2327,0.9927,0.19,0.04,0.77
2328,0.9612,0.12,0.045,0.834
2329,0.8897,0.197,0.06,0.743
2330,0.9838,0.171,0.053,0.775
2331,0.6588,0.305,0.0,0.695
2332,0.9687,0.232,0.031,0.737
2333,0.959,0.395,0.025,0.58
2334,0.9682,0.281,0.047,0.673
2335,0.9078,0.163,0.063,0.774
2336,0.9325,0.218,0.09,0.692
2337,0.795,0.16,0.076,0.764
2338,0.4019,0.31,0.0,0.69
2339,0.9946,0.161,0.045,0.794
2340,0.9739,0.126,0.067,0.808
2341,0.9215,0.136,0.05,0.814
2342,-0.2828,0.052,0.072,0.877
2343,-0.128,0.0,0.273,0.727
2344,0.8217,0.213,0.078,0.709
2345,0.0,0.0,0.0,1.0
2346,0.899,0.192,0.0,0.808
2347,0.9835,0.485,0.0,0.515
2348,0.9057,0.137,0.056,0.806
2349,0.9884,0.191,0.09,0.719
2350,-0.5857,0.079,0.149,0.773
2351,0.9922,0.268,0.02,0.712
2352,-0.784,0.069,0.206,0.724
2353,0.8061,0.206,0.0,0.794
2354,0.0,0.0,0.0,0.0
2355,0.9846,0.208,0.034,0.758
2356,0.5411,0.078,0.03,0.892
2357,0.87,0.179,0.0,0.821
2358,0.8562,0.089,0.07,0.842
2359,0.7096,0.273,0.146,0.581
2360,0.75,0.762,0.0,0.238
2361,0.906,0.329,0.0,0.671
2362,0.6476,0.119,0.054,0.827
2363,0.1625,0.106,0.08,0.814
2364,0.8911,0.198,0.092,0.709
2365,0.9428,0.35,0.034,0.616
2366,-0.8689,0.0,0.329,0.671
2367,0.4767,0.1,0.0,0.9
2368,0.9681,0.165,0.0,0.835
2369,0.9975,0.206,0.042,0.752
2370,0.9359,0.292,0.044,0.665
2371,0.7207,0.167,0.046,0.787
2372,0.0,0.0,0.0,1.0
2373,0.9199,0.151,0.082,0.767
2374,-0.1882,0.035,0.049,0.917
2375,0.0,0.0,0.0,1.0
2376,0.0,0.0,0.0,0.0
2377,0.0,0.0,0.0,0.0
2378,0.9946,0.238,0.084,0.678
2379,0.8944,0.268,0.0,0.732
2380,0.7955,0.161,0.098,0.741
2381,0.8588,0.109,0.054,0.837
2382,0.4215,0.088,0.0,0.912
2383,0.9869,0.35,0.0,0.65
2384,0.0258,0.078,0.0,0.922
2385,0.7088,0.495,0.0,0.505
2386,0.9317,0.178,0.093,0.729
2387,0.4404,0.139,0.061,0.8
2388,0.996,0.236,0.114,0.65
2389,0.8591,0.302,0.0,0.698
2390,0.976,0.131,0.069,0.8
2391,-0.1531,0.157,0.17,0.674
2392,0.9997,0.19,0.075,0.735
2393,0.8855,0.22,0.084,0.696
2394,0.6981,0.254,0.174,0.572
2395,0.0,0.0,0.0,0.0
2396,0.9231,0.302,0.0,0.698
2397,0.9626,0.151,0.021,0.829
2398,0.8011,0.545,0.0,0.455
2399,0.4588,0.158,0.0,0.842
2400,0.9814,0.332,0.0,0.668
2401,-0.8089,0.129,0.152,0.72
2402,0.9708,0.163,0.024,0.813
2403,0.6486,0.209,0.0,0.791
2404,-0.0772,0.0,0.075,0.925
2405,0.4161,0.078,0.055,0.867
2406,0.9965,0.259,0.025,0.716
2407,0.9719,0.324,0.056,0.62
2408,0.9382,0.256,0.0,0.744
2409,0.0,0.0,0.0,1.0
2410,0.8372,0.116,0.046,0.837
2411,0.7909,0.143,0.036,0.821
2412,0.9111,0.231,0.043,0.726
2413,-0.3612,0.0,0.043,0.957
2414,0.8614,0.168,0.106,0.726
2415,0.9976,0.17,0.081,0.75
2416,0.9901,0.335,0.0,0.665
2417,0.8402,0.244,0.0,0.756
2418,0.9635,0.169,0.051,0.781
2419,0.9927,0.233,0.027,0.74
2420,0.9981,0.225,0.059,0.716
2421,-0.296,0.0,0.121,0.879
2422,0.816,0.346,0.0,0.654
2423,-0.3182,0.045,0.119,0.836
2424,0.8765,0.198,0.07,0.732
2425,0.9941,0.179,0.053,0.768
2426,0.8016,0.732,0.0,0.268
2427,0.9574,0.11,0.006,0.885
2428,0.916,0.107,0.058,0.835
2429,0.928,0.231,0.045,0.724
2430,0.7717,0.194,0.054,0.752
2431,0.9554,0.208,0.076,0.717
2432,0.2263,0.091,0.0,0.909
2433,0.0,0.107,0.079,0.815
2434,0.933,0.142,0.017,0.841
2435,0.9601,0.263,0.089,0.648
2436,0.9325,0.217,0.053,0.73
2437,0.0,0.0,0.0,0.0
2438,-0.765,0.0,0.452,0.548
2439,-0.6924,0.111,0.131,0.758
2440,0.9763,0.234,0.065,0.702
2441,0.9304,0.234,0.149,0.617
2442,0.264,0.178,0.151,0.671
2443,0.0,0.0,0.0,0.0
2444,0.9285,0.198,0.066,0.736
2445,0.796,0.116,0.077,0.807
2446,0.6842,0.123,0.073,0.803
2447,0.8094,0.113,0.06,0.827
2448,0.9091,0.178,0.118,0.704
2449,0.9601,0.144,0.107,0.749
2450,0.9978,0.271,0.052,0.677
2451,0.8655,0.142,0.071,0.786
2452,0.4215,0.297,0.0,0.703
2453,0.9867,0.233,0.051,0.716
2454,0.9666,0.246,0.032,0.723
2455,0.937,0.14,0.012,0.849
2456,0.0,0.0,0.0,1.0
2457,0.7424,0.152,0.077,0.771
2458,0.8651,0.203,0.167,0.63
2459,0.995,0.195,0.114,0.69
2460,0.8682,0.183,0.0,0.817
2461,0.4767,0.161,0.103,0.736
2462,0.6312,0.159,0.133,0.708
2463,0.9978,0.252,0.071,0.677
2464,0.0,0.0,0.0,0.0
2465,0.956,0.176,0.044,0.78
2466,0.9982,0.168,0.071,0.76
2467,0.9502,0.139,0.069,0.792
2468,0.9965,0.178,0.025,0.797
2469,0.9437,0.303,0.039,0.657
2470,0.9941,0.269,0.093,0.638
2471,0.9933,0.214,0.028,0.759
2472,0.8805,0.318,0.085,0.597
2473,0.9991,0.24,0.057,0.703
2474,0.7088,0.148,0.0,0.852
2475,0.9401,0.425,0.074,0.501
2476,-0.347,0.205,0.189,0.605
2477,0.9112,0.17,0.099,0.731
2478,0.9987,0.28,0.041,0.68
2479,-0.7601,0.147,0.189,0.665
2480,0.9949,0.292,0.117,0.591
2481,0.972,0.177,0.136,0.687
2482,0.9944,0.176,0.062,0.762
2483,0.9895,0.18,0.11,0.71
2484,0.9951,0.245,0.087,0.668
2485,0.9714,0.213,0.034,0.752
2486,0.1531,0.281,0.171,0.548
2487,0.9938,0.183,0.113,0.704
2488,0.9694,0.289,0.052,0.659
2489,0.9565,0.225,0.035,0.74
2490,0.4215,1.0,0.0,0.0
2491,0.5983,0.449,0.0,0.551
2492,0.6988,0.18,0.057,0.763
2493,0.9969,0.223,0.048,0.73
2494,0.296,0.121,0.0,0.879
2495,0.8176,0.714,0.0,0.286
2496,0.5448,0.156,0.035,0.809
2497,0.7021,0.109,0.077,0.814
2498,0.0,0.0,0.0,1.0
2499,0.0,0.0,0.0,0.0
2500,0.9447,0.213,0.082,0.705
2501,0.4549,0.136,0.0,0.864
2502,0.9778,0.127,0.049,0.824
2503,0.1027,0.383,0.227,0.39
2504,0.9764,0.135,0.072,0.793
2505,0.9814,0.222,0.046,0.732
2506,0.0,0.0,0.0,0.0
2507,0.5983,0.142,0.075,0.783
2508,0.9739,0.154,0.091,0.754
2509,-0.3724,0.028,0.064,0.907
2510,0.3919,0.112,0.0,0.888
2511,0.7717,0.183,0.041,0.776
2512,0.9987,0.214,0.043,0.742
2513,0.203,0.077,0.054,0.869
2514,0.5423,0.161,0.05,0.789
2515,0.9725,0.204,0.041,0.755
2516,0.9474,0.18,0.029,0.791
2517,0.9883,0.24,0.035,0.725
2518,0.829,0.593,0.0,0.407
2519,0.882,0.181,0.123,0.695
2520,0.9977,0.208,0.082,0.71
2521,0.9997,0.273,0.096,0.631
2522,0.1007,0.085,0.0,0.915
2523,0.866,0.207,0.039,0.754
2524,0.9157,0.28,0.152,0.568
2525,0.9222,0.146,0.071,0.783
2526,0.9963,0.296,0.073,0.63
2527,0.9655,0.173,0.042,0.784
2528,0.784,0.126,0.094,0.78
2529,0.0,0.0,0.0,0.0
2530,0.0,0.0,0.0,1.0
2531,0.9966,0.246,0.073,0.681
2532,0.9452,0.121,0.0,0.879
2533,0.9304,0.147,0.029,0.824
2534,0.9683,0.281,0.016,0.703
2535,0.9887,0.222,0.05,0.728
2536,0.9974,0.277,0.076,0.647
2537,0.2481,0.116,0.073,0.812
2538,0.823,0.179,0.033,0.788
2539,0.9926,0.222,0.108,0.669
2540,0.8439,0.147,0.052,0.801
2541,0.9683,0.154,0.058,0.787
2542,0.7316,0.17,0.0,0.83
2543,0.8338,0.145,0.0,0.855
2544,0.0,0.0,0.0,0.0
2545,0.5423,0.22,0.136,0.644
2546,0.988,0.169,0.042,0.789
2547,0.0,0.04,0.052,0.908
2548,0.8122,0.607,0.139,0.253
2549,0.7489,0.14,0.094,0.766
2550,0.991,0.249,0.017,0.734
2551,0.9967,0.173,0.057,0.771
2552,0.5799,0.064,0.047,0.889
2553,0.9968,0.186,0.054,0.76
2554,0.9335,0.129,0.028,0.842
2555,0.3291,0.15,0.0,0.85
2556,0.0,0.0,0.0,1.0
2557,0.9744,0.192,0.063,0.744
2558,0.7227,0.099,0.053,0.848
2559,0.8889,0.149,0.07,0.781
2560,0.9774,0.164,0.058,0.779
2561,0.9939,0.164,0.095,0.74
2562,-0.2023,0.045,0.063,0.892
2563,0.0,0.0,0.0,0.0
2564,0.743,0.296,0.0,0.704
2565,0.9375,0.224,0.068,0.708
2566,0.4588,0.073,0.044,0.883
2567,0.886,0.122,0.057,0.821
2568,0.9669,0.205,0.0,0.795
2569,0.9704,0.27,0.0,0.73
2570,0.9931,0.198,0.059,0.743
2571,0.9837,0.233,0.0,0.767
2572,0.9446,0.194,0.034,0.773
2573,0.7655,0.172,0.113,0.716
2574,0.9109,0.353,0.0,0.647
2575,0.9957,0.188,0.047,0.765
2576,0.9905,0.253,0.043,0.704
2577,0.9365,0.288,0.021,0.691
2578,0.8926,0.322,0.107,0.571
2579,0.9476,0.169,0.047,0.784
2580,0.9976,0.205,0.049,0.746
2581,0.9684,0.262,0.017,0.721
2582,0.8547,0.54,0.0,0.46
2583,0.9307,0.184,0.054,0.762
2584,0.9945,0.222,0.045,0.732
2585,0.8769,0.111,0.03,0.859
2586,0.9966,0.181,0.017,0.802
2587,0.2388,0.132,0.138,0.731
2588,0.9974,0.249,0.079,0.673
2589,0.9714,0.221,0.012,0.767
2590,0.9962,0.178,0.083,0.739
2591,0.9823,0.196,0.072,0.732
2592,0.9809,0.232,0.03,0.738
2593,-0.3182,0.0,0.161,0.839
2594,0.9506,0.208,0.0,0.792
2595,0.9801,0.224,0.07,0.706
2596,0.0,0.0,0.0,0.0
2597,0.5061,0.098,0.081,0.82
2598,0.8921,0.089,0.035,0.876
2599,0.9547,0.163,0.0,0.837
2600,0.9615,0.2,0.02,0.78
2601,0.9432,0.421,0.0,0.579
2602,0.8333,0.17,0.131,0.699
2603,0.5574,0.089,0.0,0.911
2604,0.8805,0.469,0.083,0.448
2605,0.9973,0.188,0.07,0.742
2606,0.621,0.112,0.091,0.797
2607,-0.2244,0.159,0.215,0.625
2608,-0.7424,0.0,0.231,0.769
2609,0.9546,0.176,0.032,0.793
2610,0.9678,0.105,0.021,0.874
2611,-0.5267,0.116,0.132,0.752
2612,0.9711,0.436,0.0,0.564
2613,0.7717,0.206,0.111,0.682
2614,0.9915,0.175,0.087,0.739
2615,0.9985,0.181,0.066,0.753
2616,0.9891,0.186,0.104,0.71
2617,0.9115,0.099,0.039,0.862
2618,0.98,0.215,0.033,0.751
2619,0.9849,0.202,0.058,0.74
2620,0.9699,0.19,0.085,0.726
2621,0.9757,0.201,0.032,0.767
2622,0.9547,0.194,0.058,0.748
2623,0.9663,0.349,0.0,0.651
2624,0.9503,0.194,0.109,0.696
2625,0.8475,0.401,0.134,0.465
2626,0.8807,0.163,0.05,0.787
2627,0.431,0.74,0.0,0.26
2628,-0.296,0.0,0.196,0.804
2629,0.9718,0.386,0.0,0.614
2630,0.8881,0.158,0.0,0.842
2631,0.0,0.0,0.0,0.0
2632,0.956,0.252,0.08,0.668
2633,0.5859,0.407,0.0,0.593
2634,0.9354,0.191,0.0,0.809
2635,0.9758,0.203,0.035,0.763
2636,0.9841,0.236,0.021,0.743
2637,0.9809,0.252,0.014,0.734
2638,0.0,0.0,0.0,0.0
2639,0.9959,0.318,0.03,0.651
2640,-0.3818,0.08,0.111,0.81
2641,0.8829,0.367,0.085,0.548
2642,0.5994,0.176,0.0,0.824
2643,0.9989,0.222,0.051,0.727
2644,0.935,0.193,0.107,0.699
2645,0.9894,0.196,0.071,0.733
2646,0.913,0.347,0.057,0.595
2647,0.9923,0.246,0.043,0.711
2648,0.4728,0.17,0.0,0.83
2649,0.0,0.0,0.0,0.0
2650,0.9099,0.189,0.101,0.71
2651,0.7307,0.091,0.032,0.876
2652,0.9966,0.206,0.048,0.746
2653,0.6956,0.101,0.0,0.899
2654,0.5226,0.141,0.09,0.769
2655,0.9357,0.336,0.12,0.545
